OLIVER,6941
JACK,5371
HARRY,5308
GEORGE,4869
JACOB,4850
CHARLIE,4831
NOAH,4148
WILLIAM,4083
THOMAS,4075
OSCAR,4066
JAMES,3912
MUHAMMAD,3730
HENRY,3581
ALFIE,3540
LEO,3468
JOSHUA,3394
FREDDIE,3219
ETHAN,2940
ARCHIE,2912
ISAAC,2829
JOSEPH,2786
ALEXANDER,2759
SAMUEL,2705
DANIEL,2622
LOGAN,2610
EDWARD,2593
LUCAS,2448
MAX,2407
MOHAMMED,2332
BENJAMIN,2328
MASON,2263
HARRISON,2241
THEO,2103
JAKE,2013
SEBASTIAN,1988
FINLEY,1978
ARTHUR,1966
ADAM,1903
DYLAN,1903
RILEY,1728
ZACHARY,1644
TEDDY,1430
DAVID,1394
TOBY,1363
THEODORE,1302
ELIJAH,1294
MATTHEW,1279
JENSON,1223
JAYDEN,1219
HARVEY,1190
REUBEN,1188
HARLEY,1175
LUCA,1167
MICHAEL,1165
HUGO,1153
LEWIS,1148
FRANKIE,1112
LUKE,1095
STANLEY,1078
TOMMY,1075
JUDE,1040
BLAKE,1024
LOUIE,1002
NATHAN,997
GABRIEL,989
CHARLES,985
BOBBY,983
MOHAMMAD,976
RYAN,955
TYLER,948
ELLIOTT,938
ALBERT,933
ELLIOT,926
RORY,912
ALEX,900
FREDERICK,875
OLLIE,873
LOUIS,854
DEXTER,850
JAXON,837
LIAM,836
JACKSON,818
CALLUM,798
RONNIE,798
LEON,795
KAI,775
AARON,773
ROMAN,763
AUSTIN,751
ELLIS,721
JAMIE,708
REGGIE,708
SETH,703
CARTER,689
FELIX,680
IBRAHIM,674
SONNY,670
KIAN,665
CALEB,659
CONNOR,642
OWEN,621
ARLO,619
DOMINIC,618
JASPER,608
ROBERT,605
TOBIAS,604
ALBIE,601
JOHN,594
JOEL,591
JESSE,573
ROWAN,572
AIDEN,566
EVAN,554
ALFRED,552
YUSUF,549
CODY,546
JOEY,543
PATRICK,543
ELI,538
BILLY,534
MUHAMMED,532
RALPH,529
FINLAY,520
NATHANIEL,517
AYAAN,514
FINN,512
EZRA,502
MAXWELL,496
LINCOLN,479
BAILEY,474
CHRISTOPHER,454
CAMERON,451
HUNTER,446
KAYDEN,439
MILO,434
RHYS,426
ALI,425
AIDAN,421
ROCCO,414
NICHOLAS,410
BRADLEY,407
PARKER,397
RUPERT,396
ANTHONY,388
VINCENT,387
ABDULLAH,386
COOPER,385
BRODY,381
FILIP,381
TED,379
JAKUB,375
KYLE,375
RUBEN,374
SPENCER,374
LEVI,373
SYED,372
FLYNN,371
HAYDEN,368
JONAH,368
LEONARDO,366
MAXIMILIAN,366
MUSA,362
JASON,355
KAIDEN,352
BEN,350
OAKLEY,348
OLLY,348
MILES,347
TRISTAN,347
ALAN,346
ASHTON,343
GRAYSON,340
ERIC,338
COREY,337
KEVIN,336
HUDSON,335
PETER,330
SAM,330
ZAC,330
COLE,327
MAXIMUS,325
MOHAMED,323
AHMED,320
RAYAN,310
WILFRED,310
VINNIE,307
FRANK,306
HAMZA,305
ELIAS,304
ABDUL,300
JENSEN,299
JONATHAN,299
BEAU,298
MARCUS,297
MYLES,297
KACPER,296
MORGAN,292
JAXSON,291
TAYLOR,291
JORDAN,290
LEIGHTON,287
ZACK,287
ANDREW,284
LAYTON,283
MARLEY,283
JOE,281
BARNABY,280
ZAIN,280
YAHYA,279
XAVIER,274
ZAKARIYA,272
BRANDON,266
REX,266
CHRISTIAN,265
OSKAR,265
RAYYAN,265
JAX,260
OMAR,260
CHASE,257
ZAYN,255
FREDDY,254
LENNY,253
MARCEL,252
ROHAN,252
ZAK,252
EESA,251
REECE,251
FLETCHER,250
ROBIN,250
SIDNEY,249
CHESTER,247
MUSTAFA,247
RAPHAEL,245
DANNY,239
DOMINIK,237
FRANCIS,237
JAY,237
ANTONI,235
EMMANUEL,234
FRASER,227
LUKAS,227
MARTIN,226
ISAIAH,222
ADRIAN,218
DECLAN,217
EDDIE,217
EWAN,217
MARK,217
VICTOR,212
RUFUS,210
JAN,206
TOM,204
UMAR,204
OTTO,203
LEONARD,201
RICHARD,200
ARYAN,199
ISMAIL,198
OTIS,198
RAFAEL,197
CASEY,196
HASSAN,195
SHAY,195
AHMAD,194
MALACHI,193
ZACH,193
RIO,192
KIERAN,191
PRESTON,191
FABIAN,190
LENNON,188
JULIAN,187
HARRIS,186
TRAVIS,186
JOSIAH,185
NICOLAS,183
BRODIE,179
LORENZO,179
XANDER,179
IDRIS,177
CASPER,174
RAFE,174
JUNIOR,171
ASHER,170
SEAN,170
PAUL,169
AARAV,167
NICO,167
RAFFERTY,164
ABEL,163
IVAN,163
OSIAN,161
NATAN,160
QUINN,160
ARJUN,158
SOLOMON,158
COHEN,157
DAMIAN,156
COBY,155
HECTOR,155
MARSHALL,155
ANGUS,153
BUDDY,153
EDEN,153
BERTIE,152
BODHI,152
DOUGLAS,152
MONTY,152
CIAN,151
EUAN,151
HARIS,151
AYDEN,150
ENZO,149
ERNEST,149
LOCHLAN,149
PHILIP,149
ISA,148
PHOENIX,148
SZYMON,147
ALEKSANDER,146
ASTON,145
AADAM,143
BENTLEY,143
HARRI,143
MICAH,143
SAMI,143
TROY,143
WYATT,143
JEREMIAH,142
JIMMY,142
JAIDEN,141
MILAN,141
RUDY,141
AMIR,140
BILAL,140
REMY,140
ARCHER,139
TOMAS,139
CAIDEN,137
TEDDIE,137
BENEDICT,136
BROOKLYN,136
FRANKLIN,136
CONOR,135
SIMON,134
HUGH,133
ROMEO,133
JOSH,132
LUKA,132
TIMOTHY,132
DENIS,131
STEFAN,131
NIALL,130
MIKOLAJ,129
KALEB,128
KIT,128
STEPHEN,127
MYLO,126
NIKODEM,125
TATE,125
MATTEO,124
LUIS,123
AXEL,122
FINNLEY,122
IBRAHEEM,122
LACHLAN,122
ZAYD,122
ASHLEY,120
DENNIS,120
KANE,120
DOUGIE,119
NOEL,118
ILYAS,117
LAWRENCE,117
MONTGOMERY,117
OLIVIER,117
HENLEY,116
ZACHARIAH,116
JAC,115
LAURENCE,115
NATE,115
RONAN,115
BRIAN,114
CARSON,114
ARON,113
JACE,113
HEATH,112
CAELAN,110
FRANCISZEK,110
AYAN,109
BRAYDEN,109
BRUNO,109
HUSSAIN,108
ISMAEEL,108
RIVER,108
WALTER,108
DIEGO,107
SCOTT,107
DARIUS,106
EZEKIEL,106
HAMISH,106
IOAN,106
STEVEN,105
ALISTAIR,104
CILLIAN,104
CRUZ,103
DEACON,103
ERIK,103
MAGNUS,103
LEYTON,102
REGAN,102
SANTIAGO,102
ZAKARIA,102
CLARK,101
KOBI,100
ANTONIO,99
CALVIN,99
LAWSON,99
MAXIM,99
DAWID,98
HAIDER,98
WOODY,98
BARNEY,97
DEAN,97
JADEN,97
MALIK,97
MARCO,97
ZANE,97
ALEXANDRU,96
ANAS,96
HASAN,96
HASHIM,96
KHALID,96
KYE,96
AZAAN,95
REGINALD,95
ROBBIE,94
AYMAN,93
CALUM,93
EDISON,93
RALPHIE,93
AAHIL,92
OLIWIER,92
ZAYAN,92
AYDIN,91
CAI,91
CURTIS,91
JAKOB,91
MCKENZIE,91
JOHNNY,90
JUSTIN,90
KOBY,90
LUCIAN,90
MIKEY,90
ROGAN,90
BRYAN,89
EDWIN,89
KYRON,89
MITCHELL,89
TOMOS,89
AAYAN,88
ARCHIBALD,88
SULAIMAN,88
ZION,88
CAYDEN,87
DANTE,87
MAKSYMILIAN,87
PATRYK,87
SAMSON,87
ABRAHAM,86
DAWSON,86
CASSIUS,85
HARI,85
IGOR,85
ORSON,85
MARIO,84
MILLER,84
AARYAN,83
ANDREI,83
KRISH,83
MICHAL,83
COLBY,82
HENRI,82
YUVRAJ,82
DILLON,81
ERNIE,81
MADDOX,81
PERCY,81
ANDRE,80
LOKI,80
MALAKAI,80
RYDER,80
IAN,79
WILL,79
YASIN,79
ZAYAAN,79
AMAAN,78
JEREMY,78
JONAS,78
CLAYTON,77
IMRAN,77
JAGO,77
KEEGAN,77
PRINCE,77
YASEEN,77
DEVON,76
EMIL,76
FRAZER,76
GUY,76
ISSAC,76
KOBE,76
KRISTIAN,76
KYRAN,76
OLAF,76
RAHEEM,76
SHANE,76
YOUSUF,76
ALBY,75
DANIYAL,75
DREW,75
JAI,75
REHAN,75
KADEN,74
NIKOLAS,74
YUNUS,74
AMARI,73
ELIS,73
LEE,73
MATEO,73
MATEUSZ,73
RAY,73
RUDI,73
WESLEY,73
WIKTOR,73
YAQUB,73
ARMAAN,72
KINGSLEY,72
BYRON,71
DAMIEN,71
DOMINYKAS,71
ROSS,71
SHAUN,71
ARJAN,70
ATTICUS,70
BRAXTON,70
DALTON,70
KYLAN,70
LENNOX,70
REAGAN,70
TOMASZ,70
TYMON,70
VINNY,70
CADEN,69
ISRAEL,69
WILBUR,69
YOUSEF,69
AJAY,68
KASPER,68
RIAN,68
RICO,68
RUEBEN,68
ZAKARIYYA,68
GETHIN,67
KAMIL,67
ABDULRAHMAN,66
COEN,66
KAYSON,66
MAISON,66
MAXIMILLIAN,66
ORLANDO,66
EDUARD,65
FARIS,65
KEATON,65
LEONIDAS,65
MATEI,65
SULLIVAN,65
FERGUS,64
HENDRIX,64
JUDAH,64
KODY,64
NED,64
NOLAN,64
VEER,64
WARREN,64
ZAID,64
BRUCE,63
ESA,63
FRED,63
JAMAL,63
KENZIE,63
LELAND,63
LENNIE,63
MATAS,63
SHAYAN,63
SUBHAN,63
TALHA,63
CAIRO,62
EMERSON,62
FRANKY,62
SALMAN,62
ANDREAS,61
FARHAN,61
GEORGIE,61
HAROON,61
JAYCE,61
KAREEM,61
MIGUEL,61
NATHANAEL,61
ORION,61
PIOTR,61
RAYAAN,61
ADYAN,60
DORIAN,60
MIKAEEL,60
TOMMY-LEE,60
UZAIR,60
ZANDER,60
ADDISON,59
ANGELO,59
EDMUND,59
HARPER,59
LAITH,59
BROGAN,58
EISA,58
ERYK,58
CIARAN,57
FYNN,57
HUXLEY,57
HUBERT,56
ISHAQ,56
KYAN,56
MOSES,56
AYUB,55
ISHAAN,55
KARIM,55
RAYMOND,55
RISHI,55
VIVAAN,55
WINSTON,55
ANTONY,54
ARHAM,54
KADE,54
KIAAN,54
MATHEW,54
SULAYMAN,54
CAIN,53
CARL,53
EMANUEL,53
HADLEY,53
JARED,53
OMER,53
SAUL,53
STANISLAW,53
ZAYNE,53
ZAYYAN,53
AARIZ,52
ADNAN,52
ARI,52
AYYUB,52
DAWUD,52
EMMETT,52
HADI,52
HARLAN,52
HERBIE,52
KAIRO,52
MD,52
RONNY,52
RYLEY,52
USMAN,52
VIKTOR,52
ABBAS,51
EOIN,51
FRANCESCO,51
HAMZAH,51
JETT,51
SAMIR,51
AVI,50
DENIZ,50
KEYAAN,50
OISIN,50
VIHAAN,50
ANTON,49
ARMAN,49
CALLAN,49
EREN,49
HASNAIN,49
JAYLEN,49
KAJUS,49
MACSEN,49
TONY,49
WILSON,49
GIOVANNI,48
HUSSEIN,48
IDREES,48
IEUAN,48
LORCAN,48
MIKAEL,48
MIKAIL,48
ODIN,48
RALPHY,48
TOMMIE,48
ALEC,47
AMOS,47
ARTUR,47
ASA,47
AVERY,47
AYAZ,47
BARTOSZ,47
CASPAR,47
DANIELIUS,47
EDGAR,47
GREYSON,47
JOVAN,47
LLOYD,47
NOJUS,47
OWAIN,47
VALENTINO,47
ZACKARY,47
ABDIRAHMAN,46
HUEY,46
KABIR,46
KHALIL,46
KUBA,46
QASIM,46
SAIF,46
SEBASTIEN,46
ALESSANDRO,45
ALEXIS,45
ALFIE-JAMES,45
FAIZAN,45
ISMAEL,45
LUCCA,45
LUQMAN,45
MACKENZIE,45
MAHDI,45
NEO,45
SAHIL,45
TAHA,45
TIAGO,45
ADIL,44
BAXTER,44
BRENDAN,44
CLAY,44
DARCY,44
DHRUV,44
EMILIO,44
FOX,44
HERBERT,44
ISHAAQ,44
PHILLIP,44
REEGAN,44
SAFWAN,44
ACE,43
ALVIN,43
AMMAR,43
CARLOS,43
CORY,43
DARREN,43
IESTYN,43
MALACHY,43
ROSCOE,43
SAHIB,43
SHAE,43
TYLER-JAMES,43
ABDURRAHMAN,42
ARNIE,42
ARRAN,42
BRAYDON,42
DEEN,42
GIDEON,42
GREGORY,42
KEELAN,42
KENNY,42
MILOSZ,42
RAJA,42
RONALD,42
TARAN,42
TYRESE,42
AUBREY,41
AYOUB,41
COLTON,41
CONRAD,41
CYRUS,41
EMIR,41
JAYDON,41
KOBIE,41
MEHMET,41
REYANSH,41
SUFYAN,41
AMAN,40
CHRIS,40
DENNY,40
FIONN,40
HASHIR,40
JEEVAN,40
JORGE,40
KALLUM,40
KAYLAN,40
NIKITA,40
PADDY,40
RAIFE,40
SEB,40
TEO,40
TEODOR,40
ZAKI,40
ZIDAN,40
AARUSH,39
ALEJANDRO,39
ARAN,39
DILAN,39
GUS,39
HAYDN,39
IWAN,39
JAK,39
KARTER,39
MIKHAIL,39
PRESLEY,39
REMI,39
RICKY,39
VIAAN,39
ANDY,38
CASPIAN,38
COLIN,38
CRAIG,38
DEV,38
HAARIS,38
RIAAN,38
RICARDO,38
SHEIKH,38
STEFFAN,38
YANIS,38
YOUSSEF,38
ABDALLAH,37
ALEXANDRE,37
ARIAN,37
ASHWIN,37
CLARKE,37
EFAN,37
FRANKLYN,37
IFAN,37
ISSA,37
JOSE,37
KAROL,37
KIERON,37
LEANDRO,37
MAKSIM,37
NIAM,37
RODRIGO,37
ROME,37
RUAIRI,37
SANTINO,37
SHAYAAN,37
TAYLAN,37
WOJCIECH,37
YASH,37
ABDULLAHI,36
AMIN,36
ARONAS,36
BEAR,36
CAYSON,36
DION,36
ELYAS,36
FREDRICK,36
HARLOW,36
IGNACY,36
KAYLEN,36
NATANIEL,36
NIKHIL,36
OMARI,36
REID,36
SULTAN,36
TYMOTEUSZ,36
AUSTEN,35
BENAS,35
BORYS,35
ELVIS,35
HUGHIE,35
IVOR,35
MATIAS,35
NIHAL,35
OWAIS,35
ROCKY,35
SHAH,35
SHEA,35
THEODOR,35
YASIR,35
ZEESHAN,35
ABDUR,34
ALASTAIR,34
FRANCO,34
FYNLEY,34
HUW,34
KENNETH,34
KIYAN,34
KODI,34
KUSH,34
LYLE,34
RILEY-JAMES,34
SIMEON,34
TIMUR,34
TREY,34
YASSIN,34
ABU,33
ABUBAKAR,33
ADITYA,33
ALESSIO,33
ANDERSON,33
ARNOLD,33
CHARLEY,33
DANYAL,33
DENZEL,33
EBEN,33
ELIOT,33
ENOCH,33
HUZAIFA,33
IANIS,33
JOAO,33
JULIUS,33
MAHIR,33
RAFI,33
RANVEER,33
RAUL,33
RUSSELL,33
SYDNEY,33
YANNIS,33
ZIGGY,33
ADEN,32
AHYAN,32
BORIS,32
DONNIE,32
ESSA,32
FLOYD,32
KAELAN,32
KENDRICK,32
KLAY,32
LOWEN,32
MARC,32
MATTHIAS,32
OSMAN,32
PATRIK,32
RAYHAN,32
RICHIE,32
RYLEE,32
SAXON,32
SEAMUS,32
SHIV,32
TERRY,32
TRYSTAN,32
TYRELL,32
ABDUR-RAHMAN,31
ABUBAKR,31
ARUN,31
AXL,31
AYRTON,31
BOBBIE,31
CHACE,31
CHE,31
CODIE,31
CORBEN,31
CRISTIAN,31
DEWI,31
ELWOOD,31
GRUFFYDD,31
JAYSON,31
JONTY,31
JUAN,31
KAMRAN,31
KELVIN,31
MARKUS,31
MAYSON,31
PABLO,31
SHILOH,31
SILAS,31
SOREN,31
VLAD,31
ZAVIER,31
AAMIR,30
AFFAN,30
BERNARD,30
BRYN,30
DAMON,30
DAWOOD,30
EMRYS,30
JAYDAN,30
JUNAID,30
KAISON,30
LEOPOLD,30
MACAULEY,30
MONTAGUE,30
NEIL,30
PRANAV,30
RAEES,30
SAAD,30
SUNNY,30
THEON,30
ALBI,29
ALFIE-LEE,29
AMAR,29
ARNAV,29
BENNY,29
BUSTER,29
CADE,29
CALLEN,29
CONAN,29
DALE,29
DARA,29
EDDISON,29
EMILIS,29
GABRIELIUS,29
HARMAN,29
HUMPHREY,29
INDIANA,29
KAJETAN,29
KARSON,29
KURTIS,29
NANA,29
PEDRO,29
SAMMY,29
STUART,29
TADHG,29
TUDOR,29
UMAIR,29
ZAKARIYAH,29
AUGUSTUS,28
DAN,28
DUKE,28
EKAM,28
GAVIN,28
GENE,28
HAMMAD,28
HARUN,28
MOHAMAD,28
NEHEMIAH,28
PAWEL,28
RARES,28
ROY,28
SID,28
STIRLING,28
SULEIMAN,28
WILF,28
WOODROW,28
YOSEF,28
YOUSAF,28
YOUSIF,28
ZAKARIAH,28
ARRON,27
ARVIN,27
CAIO,27
CARLO,27
DARRAGH,27
DARWIN,27
EHSAN,27
FAHAD,27
FRANCISCO,27
GILBERT,27
INDY,27
JED,27
KAINE,27
KARL,27
KENZO,27
KEON,27
KRZYSZTOF,27
LIONEL,27
LUCIEN,27
MACIEJ,27
MATHIAS,27
RILEY-JAY,27
ROAN,27
ROSHAN,27
SALEH,27
SAMEER,27
VINCENZO,27
YEHUDA,27
ADEM,26
ARIYAN,26
ARTIE,26
CHAIM,26
DOMAS,26
ETIENNE,26
GERARD,26
HAKEEM,26
HORATIO,26
HUZAIFAH,26
JONNY,26
KAAN,26
KAISER,26
KAMAL,26
KAYAN,26
LUAN,26
MANUEL,26
MICKEY,26
RIDWAN,26
SUBHAAN,26
ZAYDAN,26
DAVI,25
DEVAN,25
EMRE,25
HARTLEY,25
ISHAN,25
JASE,25
JAXX,25
JERMAINE,25
JEROME,25
JERRY,25
JOSHUA-JAMES,25
KAYA,25
KELLAN,25
KRYSTIAN,25
KSAWERY,25
LAURIE,25
LEWIE,25
MARVIN,25
MERT,25
MUSAB,25
OLIVER-JAMES,25
PERRY,25
SION,25
SONNIE,25
TOBI,25
ZIDANE,25
ABDURAHMAN,24
ALEXANDROS,24
ARIS,24
AWAIS,24
CAMDEN,24
CHAD,24
CHANCE,24
DENVER,24
DILLAN,24
DIYAN,24
DRAKE,24
FABIO,24
FAISAL,24
FINDLAY,24
GRIFF,24
HASEEB,24
IVO,24
JACOB-JAMES,24
JAYAN,24
JOKUBAS,24
JOZEF,24
KAMARI,24
KARAM,24
KEREM,24
KILLIAN,24
LANDON,24
MARKO,24
MARLOW,24
NABIL,24
NIKO,24
RAJVEER,24
RIYAN,24
SHAAN,24
TAJUS,24
THIERRY,24
TOBIASZ,24
TYLER-JAY,24
ZAKIR,24
ADRIEL,23
AHSAN,23
AKRAM,23
ALEKSANDR,23
ANSH,23
ARYAAN,23
BRYCE,23
DARIN,23
ESHAN,23
GARY,23
GWILYM,23
HAIDEN,23
JAMIL,23
JETHRO,23
JON,23
JOSEF,23
KOHEN,23
MAHER,23
MARTY,23
MASSIMO,23
NELSON,23
OZZY,23
RAIHAN,23
REILLY,23
ROHAAN,23
SALAHUDDIN,23
ZEKE,23
ADOMAS,22
ALASDAIR,22
ALFIE-JAY,22
ANISH,22
ANWAR,22
ATTILA,22
AUGUST,22
AYUSH,22
BARAN,22
BARKLEY,22
BERTRAM,22
BLAINE,22
BOWEN,22
BRADY,22
DONALD,22
DWAYNE,22
FINNIAN,22
HARLEE,22
HARVEY-LEE,22
JARVIS,22
JAXEN,22
JAYDEN-LEE,22
JOTHAM,22
JOWAN,22
KAMERON,22
KASEY,22
KEYAN,22
KIRILL,22
KONRAD,22
KOREY,22
LAYTH,22
LOCKIE,22
MEMPHIS,22
MORRIS,22
MOSHE,22
MURPHY,22
NOA,22
ORAN,22
REHAAN,22
REYAN,22
SAI,22
SHIVAM,22
SHMUEL,22
SUFYAAN,22
TARIQ,22
THIAGO,22
TY,22
TYRONE,22
VLADIMIR,22
ZEPHANIAH,22
ALYAN,21
AMEEN,21
ANAY,21
APOLLO,21
ASAD,21
ASH,21
ATLAS,21
AVEER,21
AZAD,21
BARNABAS,21
BLAISE,21
CONNER,21
DAFYDD,21
DARIAN,21
DONOVAN,21
ELISHA,21
EPHRAIM,21
ERICK,21
FREDERIC,21
HAADI,21
HARLEY-JAMES,21
JAMESON,21
JAWAD,21
JOHAN,21
JUN,21
LARS,21
LUKASZ,21
LYNDON,21
MALAKI,21
MALCOLM,21
MARIUS,21
MICAIAH,21
MIHAI,21
MIRAN,21
RAJAN,21
SAIM,21
STEVIE,21
TAI,21
TODD,21
VANSH,21
YUSEF,21
ZACHERY,21
ZEPHYR,21
AARAN,20
ABU-BAKR,20
ALBERTO,20
ALED,20
ALEKS,20
ARAS,20
ARDA,20
ARMANDAS,20
ASHAR,20
BENIAMIN,20
CARWYN,20
CASTIEL,20
COSMO,20
EMILE,20
ESHAAN,20
EUGENE,20
EYAD,20
FRANKIE-LEE,20
GODWIN,20
HARLEY-JAY,20
HUMZA,20
IZAAN,20
JADON,20
JIBREEL,20
JOHN-PAUL,20
KING,20
KINGSTON,20
KORNEL,20
KURT,20
MANRAJ,20
MOISE,20
OLI,20
PIERRE,20
QUENTIN,20
QUINCY,20
QUINTON,20
RAHUL,20
REIGN,20
REON,20
RHODRI,20
ROWEN,20
RYKER,20
SHIMON,20
STAN,20
VIRAJ,20
YAZAN,20
ZAIDEN,20
ZAYDEN,20
AEDAN,19
ARMANI,19
BILLY-JOE,19
CAIUS,19
CODEY,19
CORBIN,19
DARYL,19
DEON,19
DEVIN,19
DIGBY,19
FATEH,19
FORREST,19
GEORGI,19
GIANLUCA,19
GILES,19
HAROLD,19
IOSIF,19
IZAAK,19
JAIVEER,19
JAVIER,19
JEFFREY,19
JIBRIL,19
JOHANNES,19
KAIRON,19
KASON,19
KAYDON,19
KAYLUM,19
KEAGAN,19
KENAN,19
LOUI,19
LUTHER,19
MARLO,19
MARLON,19
MATTIA,19
MAXX,19
MEHDI,19
MIKE,19
MUADH,19
NAYAN,19
NEEL,19
RAIDEN,19
ROBERTS,19
ROKAS,19
RUAN,19
RUDRA,19
SALVADOR,19
SOL,19
UTHMAN,19
WAYNE,19
YUSHA,19
ZACKERY,19
ZAKARY,19
ZIYAD,19
ALLAN,18
ARIJUS,18
ARIN,18
BLU,18
BODIE,18
BRAX,18
BRETT,18
COHAN,18
CORBAN,18
CRISTIANO,18
DALEY,18
DANIELS,18
DARSH,18
EBRAHIM,18
EDDY,18
ELIO,18
ELLISON,18
ENRICO,18
FELIKS,18
GINO,18
GRIFFIN,18
GRUFF,18
GUILHERME,18
GUSTAS,18
HABIB,18
HISHAM,18
IOLO,18
ISHMAEL,18
JESSE-JAMES,18
JULES,18
KAIN,18
KAYNE,18
KHIZAR,18
KIRAN,18
KRISHNA,18
KYMANI,18
LARRY,18
LEROY,18
LLEYTON,18
LUCIANO,18
MAHAD,18
MASON-LEE,18
MAVERICK,18
MAXIME,18
NYLE,18
RALF,18
RIYAD,18
RIZWAN,18
ROLAND,18
ROMARIO,18
SACHA,18
SERGIO,18
SHAURYA,18
SHAWN,18
SULEMAN,18
TERENCE,18
VARUN,18
VED,18
VIRAAJ,18
WALI,18
WILLEM,18
YOUNES,18
AADIL,17
AHAD,17
ALBAN,17
ALEEM,17
ALIJAH,17
ANEURIN,17
ARCHIE-LEE,17
ARYA,17
AYMEN,17
BABY,17
BENYAMIN,17
BERNIE,17
BRYSON,17
CAINE,17
CASSIAN,17
CORMAC,17
DANYAAL,17
DAUD,17
DAVEY,17
DIVINE,17
DUNCAN,17
EBENEZER,17
EDUARDO,17
ELIOTT,17
ENES,17
FEDERICO,17
FINTAN,17
FRANEK,17
FREDDIE-LEE,17
GIORGIO,17
GUTO,17
HARLIE,17
IMMANUEL,17
IUSTIN,17
JACQUES,17
JUDD,17
KAIUS,17
KAL-EL,17
KARAN,17
KEANU,17
KEENAN,17
KRISHAN,17
KUZEY,17
LANCE,17
MAHMOUD,17
MARCOS,17
MAURICE,17
MENACHEM,17
MIKEL,17
MUAZ,17
NAEL,17
NAKSH,17
NIKOLAI,17
NILE,17
NUH,17
OSCAR-JAMES,17
OZZIE,17
RAHEEL,17
RAYYAAN,17
RICCARDO,17
ROBERTO,17
RUI,17
SAWYER,17
TREVOR,17
WADE,17
YOUNIS,17
ZEBEDEE,17
ZUBAIR,17
ZUBAYR,17
AARIB,16
ADAN,16
AFONSO,16
AHMET,16
AKEEM,16
ARMIN,16
AVROHOM,16
AYDAN,16
BASIL,16
BJORN,16
BOAZ,16
BRONSON,16
CAMPBELL,16
CARTER-JAMES,16
CHARLIE-JAMES,16
COBIE,16
CONSTANTINE,16
DANE,16
DARIO,16
EFE,16
ELIJUS,16
EVERETT,16
FAIZ,16
FAIZAAN,16
FARHAAN,16
FERDINAND,16
GARETH,16
GRAY,16
HAMID,16
HENRYK,16
HOWARD,16
ILYA,16
IZAAC,16
JAD,16
JAMEEL,16
JENSON-JAMES,16
JOHN-JAMES,16
JOSS,16
KEIRAN,16
KYRIE,16
LEVENTE,16
LEWYS,16
LEYLAND,16
LYSANDER,16
MACK,16
MANI,16
MANVEER,16
MOOSA,16
MURRAY,16
NAEEM,16
NOAH-JAMES,16
NORMAN,16
ODHRAN,16
OLIVERS,16
PAVEL,16
PIETRO,16
RAYHAAN,16
RHYDIAN,16
ROUX,16
RYLAN,16
SARIM,16
SAYED,16
SHAYLAN,16
SUHAIB,16
THORIN,16
TJ,16
TOBIN,16
TORIN,16
UMER,16
WALEED,16
YIGIT,16
YISROEL,16
YU,16
ZAINE,16
ZEV,16
ABHINAV,15
ADAMAS,15
ADVIK,15
AJ,15
ALBION,15
ALEKSANDAR,15
ALYAAN,15
ANDRES,15
ARIEL,15
ARLEN,15
ARLEY,15
ARTIN,15
AYYAN,15
BENCE,15
BENNETT,15
BLUE,15
BOGDAN,15
BRYNLEY,15
CHARLIE-JAY,15
CORBYN,15
DANIAL,15
DEREK,15
DRE,15
EASON,15
EESAH,15
ELISEI,15
ENIS,15
GEORGIOS,15
GORDON,15
GRACJAN,15
HAMDAN,15
HARLEM,15
HARLEN,15
IAGO,15
ILIAS,15
INIGO,15
ISAAK,15
KAIF,15
KALEL,15
KEVINAS,15
KHALED,15
KIRK,15
KODIE,15
KOLE,15
LAKSH,15
LAWAND,15
LEO-JAMES,15
LEWI,15
LOGAN-JAMES,15
MANNY,15
MARCELL,15
MAREK,15
MARLOWE,15
MARTIM,15
MATEUS,15
MIHAIL,15
MIROSLAV,15
MIRZA,15
MOISHE,15
MONROE,15
MUHSIN,15
MUJTABA,15
MURTAZA,15
MUZAMMIL,15
NICK,15
NIKOLAY,15
OLUWATOBILOBA,15
OM,15
OSKARAS,15
RAFFAELE,15
RAGHAV,15
RANVIR,15
REO,15
RICCO,15
SALIH,15
SALIM,15
SAMAR,15
SHAHZAIB,15
STEVE,15
SYLVESTER,15
TAHIR,15
TEDDI,15
TEEJAY,15
TOMI,15
URIEL,15
ZACKARIYA,15
ZECHARIAH,15
AAYUSH,14
ABDULAZIZ,14
ADRIANS,14
AILBE,14
AMEER,14
ANDERS,14
ARCHIE-JAMES,14
AREEB,14
AREN,14
ARTURO,14
ASIM,14
AYOMIDE,14
AZARIAH,14
AZLAN,14
BARCLAY,14
BENSON,14
BLEU,14
BRAEDEN,14
BRINLEY,14
BURHANUDDIN,14
CAL,14
CAMRON,14
CASH,14
CEDRIC,14
CLEMENT,14
COBEN,14
COLT,14
CONSTANTIN,14
DAMARI,14
DAX,14
DAYTON,14
DIMITRI,14
DOVYDAS,14
DYLAN-JAMES,14
EDAN,14
ELDON,14
EMMET,14
EOGHAN,14
FRAIZER,14
GABRIELS,14
GEOFFREY,14
GRANT,14
GURFATEH,14
HAIDAR,14
HAL,14
HAROUN,14
HESTON,14
HUSEYIN,14
IMAAD,14
ISAAQ,14
JAIME,14
JAYCOB,14
JAYDEN-JAMES,14
JAYLON,14
JIA,14
JOAQUIN,14
JORIS,14
KAIDAN,14
KASIM,14
KAYAAN,14
KAYDEN-LEE,14
KAYLEM,14
KEITH,14
KISHAN,14
KNOX,14
KOBEY,14
KOLBY,14
KORBEN,14
KRISTUPAS,14
KYREN,14
LEMUEL,14
LEX,14
LLEWELYN,14
LOIC,14
LUC,14
LUQMAAN,14
MACAULAY,14
MAKSYM,14
MARKUSS,14
MATIN,14
MICKY,14
MOHSIN,14
MUHAMED,14
NIVAAN,14
OCEAN,14
OZAN,14
RAIF,14
RASHID,14
RAVI,14
RAYDEN,14
RAZVAN,14
REED,14
REEVE,14
RIDLEY,14
RION,14
RUARI,14
SALAH,14
SHAI,14
SHAYDEN,14
SHLOK,14
SIDDHARTH,14
SPIKE,14
THEO-JAMES,14
TIAN,14
TOBEY,14
TOMMY-JAY,14
TRENT,14
TYRION,14
TYSON,14
VALENTIN,14
WILLOUGHBY,14
YAQOOB,14
ZAEEM,14
ABDULHADI,13
ACER,13
ADAS,13
AGASTYA,13
ALFIE-JOHN,13
AMEN,13
ANGAD,13
ANIS,13
ARISH,13
ARNAS,13
ARNO,13
ARSH,13
ARTEM,13
ASHRAF,13
ASLAN,13
ATHARV,13
BAY,13
BERAT,13
BRAIDEN,13
BRAM,13
BRENNAN,13
CEM,13
CEZAR,13
CHAISE,13
CHRISTOS,13
COBEY,13
COBI,13
DALLAS,13
DEMIR,13
DOMINICK,13
EASHAN,13
EASTON,13
EDWYN,13
ELIEZER,13
ELNATHAN,13
FAHEEM,13
FERNANDO,13
FLAVIUS,13
FLORIAN,13
GABRIELE,13
GURNOOR,13
GUSTAV,13
HARITH,13
HARVEER,13
HAYDER,13
HUSAYN,13
IONUT,13
IRFAN,13
JACOBY,13
JAYJAY,13
JONJO,13
JORDI,13
JOSHAN,13
KAIYAN,13
KAYLEB,13
KEN,13
KERIM,13
KOEN,13
KRISTIANS,13
KRISTOF,13
LEIF,13
LINUS,13
LOURENCO,13
LUCAS-JAMES,13
LUCIUS,13
MAC,13
MAKAI,13
MARCIN,13
MARWAN,13
MATYAS,13
MAXIMILIANO,13
NAYEL,13
NIHAAL,13
NIKOLA,13
NOOR,13
OREN,13
ORIN,13
PERCIVAL,13
PEYTON,13
RAHIM,13
RAJVIR,13
RALFS,13
RAMSEY,13
REISS,13
RHYLEE,13
RIAZ,13
RONI,13
RUZGAR,13
SAIFAN,13
SHAHZAIN,13
SHAYE,13
SHAYNE,13
SUDAIS,13
TAHMID,13
TAIM,13
TAIO,13
TANISH,13
TEDDY-JAMES,13
THOR,13
TIERNAN,13
TOMMASO,13
TOMMY-JAMES,13
TWM,13
VAUGHN,13
VIREN,13
VIVAN,13
YAKUB,13
ZACHARIA,13
ZAHID,13
ZAIDAN,13
ZAKK,13
ZEN,13
ZEYAD,13
ZOHAIB,13
ZORAWAR,13
ZUHAIR,13
AADI,12
ABRAM,12
AERON,12
AKSEL,12
AL,12
ALVARO,12
AMBROSE,12
ANGEL,12
ARAM,12
ARDEN,12
ARMINAS,12
ARSALAN,12
ART,12
AYLAN,12
AZIAH,12
BALRAJ,12
BARTLOMIEJ,12
BEAUDEN,12
BENJI,12
BINYAMEEN,12
BOBBI,12
BOWIE,12
BRAYAN,12
CAOLAN,12
CHAYSE,12
CONALL,12
CUBA,12
DANIIL,12
DANISH,12
DERRICK,12
DHILAN,12
DOMANTAS,12
DONTE,12
EDIZ,12
EMANUELE,12
EMILIAN,12
ERIKAS,12
GAEL,12
GURVEER,12
GWION,12
HANZALAH,12
HARRY-JAMES,12
HEZEKIAH,12
IANTO,12
IGNAS,12
ISIAH,12
JACEK,12
JACK-JAMES,12
JASRAJ,12
JAY-JAY,12
JEDIDIAH,12
JET,12
JJ,12
JUJHAR,12
KACEY,12
KALE,12
KASH,12
KAYSAN,12
KEIR,12
KENLEY,12
KILIAN,12
KORAY,12
KYDEN,12
KYRO,12
LAITON,12
LAKE,12
LEV,12
LLEWELLYN,12
LOCHLANN,12
LOGAN-LEE,12
MAAZ,12
MALEEK,12
MARCELO,12
MASON-JAMES,12
MATTIAS,12
MIESZKO,12
MIRAJ,12
MUBARAK,12
MUHAMMAD-YUSUF,12
NALI,12
NASSER,12
NEHAN,12
NIKOLAOS,12
NIXON,12
OBIE,12
PARIS,12
PARTH,12
RAFAY,12
RENZO,12
RISHAAN,12
ROBSON,12
RUDIE,12
SAEED,12
SAMARTH,12
SAMIUL,12
SENAN,12
SENNEN,12
SHAHEER,12
SHLOIME,12
SHUAIB,12
SKYLER,12
SOFIAN,12
STEPHAN,12
SULEYMAN,12
TAMIM,12
TAYYAB,12
THOMAS-JAMES,12
TIMOTHEE,12
TRE,12
UBAYD,12
UZAYR,12
WALID,12
WIL,12
WILFRID,12
WREN,12
YOUNUS,12
ZACHARIAS,12
ZYAN,12
A,11
ABDALLA,11
ABDUL-HADI,11
ABDUL-RAHEEM,11
ABDUL-RAHMAN,11
ABDURRAHEEM,11
ABE,11
ABHAY,11
ADEEB,11
AMADOU,11
ANDREA,11
AQEEL,11
ARIF,11
ARMANDO,11
AUDEN,11
AUGUSTAS,11
AUSTYN,11
BARRY,11
BECK,11
BERT,11
BILL,11
BLAIR,11
BLAZE,11
BO,11
BOBBY-JOE,11
BOBI,11
BRAN,11
BRENDON,11
BROOK,11
CAESAR,11
CAVAN,11
CHANNING,11
CHAY,11
CINAR,11
CJ,11
DAINTON,11
DARSHAN,11
DAVIDE,11
DEVANSH,11
DOLTON,11
EHAN,11
EMLYN,11
ETHAN-JAMES,11
EVANAS,11
FAARIS,11
FARES,11
FARID,11
FARLEY,11
FILIPE,11
FOREST,11
GIUSEPPE,11
GUSTAVO,11
HAO,11
HENRIK,11
HENRY-JAMES,11
IHSAAN,11
IOANNIS,11
IONATAN,11
JAHSIAH,11
JAHZIAH,11
JAIDAN,11
JAMAAL,11
JAMIE-LEE,11
JAYKE,11
JOHANN,11
JOHNATHAN,11
JONATHON,11
KAILEN,11
KALLEN,11
KAMSIYOCHUKWU,11
KAVIN,11
KHALIFA,11
KITT,11
KIYAAN,11
KODEY,11
KYLEN,11
LENNARD,11
LINDEN,11
LUCUS,11
MAHAMED,11
MAJUS,11
MARKAS,11
MARTINS,11
MARTYN,11
MATEJ,11
MAYAN,11
MEIR,11
MOIZ,11
MUAD,11
MUNEEB,11
NAHOM,11
OLAMIDE,11
OSWALD,11
PAOLO,11
PARAMVEER,11
PHARRELL,11
QAIS,11
RAMI,11
REEF,11
REN,11
RENE,11
RIVAN,11
SAHIR,11
SALAHUDEEN,11
SALEEM,11
SAMPSON,11
SASHA,11
SELIM,11
SHAHAN,11
SHELDON,11
SHREY,11
STERLING,11
STEWART,11
TERRELL,11
TINASHE,11
TOMS,11
TORBEN,11
TYREECE,11
UBAID,11
UMUT,11
VAUGHAN,11
VEDANT,11
WALKER,11
YAAKOV,11
YAKOV,11
YASSER,11
YOHAN,11
YUVAAN,11
ZIAN,11
ZINEDINE,11
AARISH,10
ABDULMALIK,10
ABDUR-RAHEEM,10
ADONAI,10
AHAAN,10
AKASH,10
AKIVA,10
ALEK,10
ALIEU,10
ALPHA,10
ANES,10
ANH,10
ANIK,10
ARAV,10
AREEZ,10
ARES,10
ARHAAN,10
ARIZ,10
ARLIE,10
AVYAN,10
AYANSH,10
BAILEY-JAMES,10
BALTHAZAR,10
BAYLEY,10
BECKETT,10
BELLAMY,10
BERKAY,10
BOBBY-LEE,10
BOSTON,10
CAIRON,10
CEZARY,10
CULLEN,10
DAKSH,10
DANIYAAL,10
DHIREN,10
DRAGOS,10
DUDLEY,10
ELIAN,10
ELIYAS,10
ELVIN,10
ERDEM,10
ETHEN,10
EVREN,10
FABIEN,10
FARRELL,10
FENN,10
FENTON,10
FEROZ,10
FINNLAY,10
FREDDIE-JAY,10
FREDERICO,10
GERALD,10
GERRARD,10
GHULAM,10
GIACOMO,10
HARRIE,10
HARVEY-JAMES,10
HAYTHAM,10
HAYYAN,10
HERKUS,10
HUSNAIN,10
IHSAN,10
ILYAAS,10
IZAIAH,10
JAHEIM,10
JAYLAN,10
JEAN,10
JIBRAN,10
JIM,10
JOACHIM,10
JOBY,10
JOEY-JAMES,10
JOHNNIE,10
JOZIAH,10
KAIDEN-LEE,10
KAILAN,10
KALEEM,10
KALEM,10
KALEN,10
KARANVEER,10
KAYDAN,10
KEANE,10
KENNEDY,10
KENTON,10
KHUSH,10
KOA,10
KONSTANTINOS,10
KYLO,10
LAKEN,10
LASZLO,10
LEELAN,10
LEONEL,10
LEVON,10
LINDON,10
LOGAN-JAY,10
MABON,10
MADHAV,10
MAKS,10
MARCELLUS,10
MATHEUS,10
MATT,10
MAXI,10
MEER,10
MEKHI,10
MERLIN,10
MICHEAL,10
MIHRAN,10
MIKA,10
MILLAN,10
MIRAC,10
MORDECHAI,10
MUHAMAD,10
MUNIR,10
MUSSA,10
NEYMAR,10
NOVA,10
NUNO,10
OBI,10
OLEG,10
ORESTAS,10
ORI,10
OSKA,10
OUSMAN,10
OWYN,10
PETRU,10
PRANAY,10
PRANEEL,10
PREM,10
RAMAN,10
RAYN,10
RISHAN,10
RIYAAN,10
ROCKO,10
ROGER,10
RONIN,10
ROSCO,10
RUARIDH,10
RYLIE,10
RYSZARD,10
SAID,10
SAJID,10
SALVATORE,10
SAMY,10
SHAYA,10
SHOAIB,10
SINAN,10
SUHAYB,10
SULIMAN,10
TAFARI,10
TALIESIN,10
TANVIR,10
TASEEN,10
TAWHEED,10
TAYE,10
TIGER,10
TITUS,10
TUCKER,10
WILLIS,10
YACINE,10
YAD,10
YASSINE,10
YONATAN,10
YOSSI,10
YUG,10
ZAHIR,10
ZI,10
ZIA,10
ZOLTAN,10
ZURIEL,10
AABAN,9
ABIR,9
ADEL,9
ADHAM,9
ADRIANO,9
AFNAN,9
AIMAN,9
AJEET,9
AKIRA,9
AKSHAYAN,9
ALEXZANDER,9
ALFIE-JACK,9
ALLEN,9
AMJAD,9
AMMAAR,9
AMRIT,9
ANAKIN,9
ANDI,9
ARAFAT,9
ARTURS,9
ASIL,9
ATA,9
AUGUSTIN,9
AYODEJI,9
AZAN,9
AZEEM,9
AZHAAN,9
AZIZ,9
BARTEK,9
BILAAL,9
BILLY-RAY,9
BLEDDYN,9
BODE,9
BODEN,9
BOE,9
BRANDON-LEE,9
BROCK,9
BUZZ,9
CAEDEN,9
CHARLTON,9
CODI,9
CONNAH,9
DAKOTA,9
DAMIR,9
DANI,9
DARIS,9
DARNELL,9
DEIVIDAS,9
DESMOND,9
DEVEN,9
DHIAN,9
DHYAN,9
DIMITRIOS,9
DIOGO,9
EAMONN,9
EESAA,9
ELIGH,9
ERAY,9
EVANDER,9
EZRAH,9
FILIPPO,9
FLAVIO,9
FLINT,9
FREDERIK,9
FREY,9
GIAN,9
GRAHAM,9
HAKIM,9
HAMAD,9
HARLEIGH,9
HILTON,9
HIMMAT,9
INNES,9
IORI,9
IVAAN,9
JARROD,9
JEM,9
JEREMI,9
KAEDEN,9
KAELEN,9
KAIAN,9
KAISAN,9
KAIZER,9
KAL,9
KARLOS,9
KAROLIS,9
KARTAR,9
KEHINDE,9
KELLEN,9
KHARI,9
KIAN-LEE,9
KORY,9
KRISTOPHER,9
KRUZ,9
KWAME,9
LATHAN,9
LAUCHLAN,9
LEVI-JAMES,9
LLEW,9
LLION,9
LOWAN,9
LUCAN,9
MANTAS,9
MATE,9
MAXYMILIAN,9
MUAWIYAH,9
MUHAMMAD-ISMAEEL,9
NATNAEL,9
NEAL,9
NICKOLAS,9
NICOLAE,9
NIGEL,9
NILS,9
NIMROD,9
OTHNIEL,9
PETAR,9
PIRAN,9
POYRAZ,9
RAAHIM,9
RADIN,9
RADLEY,9
RAIYAN,9
RAMY,9
RANBIR,9
RAYEN,9
RED,9
REESE,9
REGGIE-LEE,9
REIS,9
RICARDS,9
ROARY,9
RYAAN,9
RYLEIGH,9
SALAR,9
SAMUAL,9
SHAILEN,9
SHAKEEL,9
SHALOM,9
SHEM,9
SHIVEN,9
SHIVRAJ,9
SHLOMO,9
SIRAJ,9
SUFIYAN,9
SURAJ,9
TARUN,9
TAYO,9
TIMOTEI,9
TOBIE,9
TOMASS,9
TOMMI,9
TYGER,9
TYLAN,9
VIGGO,9
VINAY,9
VINCE,9
VISHNU,9
WASSIM,9
WISDOM,9
YAMEEN,9
YOUCEF,9
YUVAN,9
ZAVIYAR,9
ZORAIZ,9
AADVIK,8
ABDUL-AZIZ,8
ABDULAHI,8
ABDUR-RAHMAAN,8
ABEER,8
AHRON,8
AHYAAN,8
AKBAR,8
AKIF,8
ALAND,8
ALEKSANDRS,8
ALEXANDAR,8
ALFIE-GEORGE,8
ALFIE-JOE,8
ALFY,8
ALISTER,8
ALONSO,8
AMR,8
ANDREY,8
ANTOINE,8
AQIB,8
ARASH,8
ARION,8
ARLIND,8
ARSHAN,8
ARTY,8
ARYAV,8
AVRAJ,8
AYUUB,8
AZAIAH,8
BAYDEN,8
BINYAMIN,8
BLAKELY,8
BLAYNE,8
BRADEN,8
BRAMWELL,8
BRAY,8
BRODEY,8
BURAK,8
CALAN,8
CAMERON-JAMES,8
CAN,8
CASIAN,8
CASS,8
CEEJAY,8
CELT,8
CELYN,8
CHAYCE,8
CHIDERA,8
CODY-LEE,8
CONNOR-JAMES,8
CYPRIAN,8
DAANISH,8
DANIEL-JUNIOR,8
DAREN,8
DARYAN,8
DAWOUD,8
DEIMANTAS,8
DEIVIDS,8
DENAS,8
DEVLIN,8
DHARAM,8
DMITRY,8
DON,8
DORUK,8
EBAN,8
EDOARDO,8
EFRAIM,8
ELCHONON,8
ENSAR,8
ERIS,8
ERROL,8
EYMEN,8
FADIL,8
FARRIS,8
FAWAD,8
FELIPE,8
FLORIN,8
FRANKIE-JAMES,8
FRAZIER,8
FREDDIE-JAMES,8
FREDRIK,8
GASPARD,8
GRUFFUDD,8
HAMAAD,8
HAMILTON,8
HANSON,8
HARDY,8
HARISON,8
HARSH,8
HARVEY-JAY,8
HARVIR,8
HEATHCLIFF,8
HEDLEY,8
HOLDEN,8
HUCKLEBERRY,8
HUMZAH,8
HUNOR,8
IMRAAN,8
IS'HAAQ,8
ISAC,8
ISHAK,8
IZYAN,8
JABIR,8
JAE,8
JAHMAI,8
JAXON-JAMES,8
JEFFERY,8
JENSON-LEE,8
JERIAH,8
JIMI,8
JOASH,8
JUNAYD,8
KAEL,8
KAILUM,8
KAISEN,8
KALVIN,8
KAMRON,8
KASPAR,8
KAYRA,8
KEILAN,8
KEIRON,8
KEMAL,8
KEYON,8
KHAI,8
KHALEEL,8
KLAYTON,8
KOFI,8
KRISHIV,8
LAYLAND,8
LEDION,8
LEEROY,8
LEVISON,8
LINK,8
LOCRYN,8
LOGAN-JOHN,8
LORIS,8
MACE,8
MAKAR,8
MALICK,8
MAMADOU,8
MANAV,8
MANJOT,8
MANVIR,8
MARCELLO,8
MARLEE,8
MARTYNAS,8
MIKAH,8
MILOS,8
MUAADH,8
MUBASHIR,8
MUHAMMAD-ALI,8
MYRON,8
NAFTALI,8
NARAYAN,8
NASEEM,8
NASIR,8
NATAS,8
NISHAAN,8
NOE,8
NOOH,8
NORBERT,8
OBADIAH,8
OLLI,8
OMID,8
OSCAR-LEE,8
PASHA,8
PAULO,8
PENIEL,8
PERRAN,8
PHINEAS,8
PRAISE,8
QUADE,8
RADU,8
RAEF,8
RAFAL,8
RAHIL,8
RAJ,8
RAMZI,8
RAVEN,8
REMUS,8
RITCHIE,8
ROJUS,8
ROLLO,8
ROMAIN,8
RYU,8
SACHIN,8
SAIFULLAH,8
SHAD,8
SHIVAN,8
STEFANOS,8
SUHAIL,8
SYD,8
TANNER,8
TAYLEN,8
TEILO,8
THADDEUS,8
TIBERIUS,8
TOBIAH,8
TOMMY-JOE,8
TREYVON,8
TRISTEN,8
UMAYR,8
VASIL,8
VIRAT,8
VITO,8
VITTORIO,8
WASIF,8
WESTON,8
WILIAM,8
WOJTEK,8
WOLF,8
YI,8
YONIS,8
YUSIF,8
ZAKARYA,8
ZALAN,8
ZAVIAN,8
ZEKI,8
ZHI,8
ZICO,8
ZISHAN,8
ZIYAN,8
ZULQARNAIN,8
A-JAY,7
AAKIF,7
AARIV,7
AARIYAN,7
ABDIMALIK,7
ABHIRAM,7
ABUL,7
ADEEL,7
ADI,7
ADLEY,7
ADONIS,7
AHARON,7
AHIL,7
AIYAZ,7
AJIT,7
AKEEL,7
ALDEN,7
ALEKSY,7
ALEXEI,7
ALEXI,7
ALIN,7
AMAAR,7
ANAND,7
ANESU,7
ANIRUDH,7
ANSEL,7
AODHAN,7
ARAD,7
ARFAN,7
ARIB,7
ARIUS,7
ARKADIUSZ,7
ARSLAN,7
ARTJOM,7
ARWEL,7
ARWYN,7
ASHDON,7
ATIF,7
AUGUSTINE,7
AVRAM,7
AYAD,7
AZRIEL,7
AZUOLAS,7
BAILEE,7
BASIM,7
BENETT,7
BERNARDO,7
BLAZEJ,7
BRAD,7
BURT,7
CAEL,7
CALE,7
CALEN,7
CAROL,7
CARRICK,7
CARSEN,7
CARTER-LEE,7
CASON,7
CASSIDY,7
CAVALLI,7
CHARLIE-GEORGE,7
CHAYTON,7
CLIVE,7
COBAN,7
CYNAN,7
DAHEN,7
DANIEL-JAMES,7
DANIELIS,7
DAOUD,7
DAVIS,7
DEIO,7
DEVRAJ,7
DHILLON,7
DHIYAN,7
DIYAR,7
DOMENICO,7
DONNY,7
DUANE,7
EBRIMA,7
EDVARDAS,7
EDVINAS,7
EMAD,7
EMRAN,7
ERDI,7
ESAH,7
EZAAN,7
EZEL,7
FAOLAN,7
FARHAD,7
FAVOUR,7
FERRIS,7
FOSTER,7
FRAISER,7
FRANKIE-JAY,7
FURQAN,7
GAVRIEL,7
GIULIO,7
GURMAN,7
GURTAJ,7
GURVIR,7
GUSTAVS,7
GWYDION,7
HAASHIM,7
HAFIZ,7
HALIL,7
HAMDAAN,7
HAMEED,7
HANLEY,7
HARJOT,7
HARLAND,7
HAYDON,7
HAZIM,7
HEKTOR,7
HENIL,7
HENRIE,7
HENSON,7
HISHAAM,7
HOWIE,7
HRIDHAAN,7
IAIN,7
IZAK,7
IZIAH,7
JACOBI,7
JACUB,7
JAEDEN,7
JAGRAJ,7
JAHMARI,7
JAMES-JUNIOR,7
JASIAH,7
JASIM,7
JASNOOR,7
JAXXON,7
JEORGE,7
JERON,7
JERRELL,7
JESIAH,7
JIBRAEEL,7
JIYAAN,7
JOBE,7
JOS,7
JULIEN,7
JUNIOR-JAMES,7
JURAJ,7
JUSTICE,7
KABEER,7
KAIDE,7
KALLAN,7
KALUM,7
KAMEEL,7
KASEN,7
KAVAN,7
KAVISH,7
KAYDEN-JAMES,7
KAYHAN,7
KAZI,7
KAZIM,7
KELAN,7
KENZI,7
KESHAV,7
KESTER,7
KOBAN,7
KOHAN,7
KORBIN,7
KRISTERS,7
KRISTOFER,7
KSAWIER,7
KWABENA,7
KYLER,7
KYSON,7
LAYNE,7
LEBRON,7
LEELAND,7
LEO-JAY,7
LEONARDAS,7
LESLIE,7
LIBAN,7
LINCOLN-JAMES,7
LOCHIE,7
LOCKLAN,7
LOHAN,7
LUAY,7
LUCIO,7
LUCKY,7
LUDOVIC,7
MALEK,7
MALIQUE,7
MANSOUR,7
MASUD,7
MATHYS,7
MATISSE,7
MATUS,7
MATVEY,7
MAXIMO,7
MAZEN,7
MAZIN,7
MELVIN,7
MESSIAH,7
MILEY,7
MOHID,7
MORLEY,7
MOUHAMED,7
MUAAZ,7
MUS'AB,7
MUSTAPHA,7
NADEEM,7
NADIM,7
NADIR,7
NAHYAN,7
NAVRAJ,7
NERIAH,7
NEVAN,7
NICOLO,7
NIRVAAN,7
NOAM,7
OBAID,7
OBAN,7
OLIWER,7
OLLIE-JAMES,7
OLLIE-JAY,7
OLUWADAMILARE,7
ONUR,7
OREOLUWA,7
ORRIN,7
OUMAR,7
PAVAN,7
PEREGRINE,7
PEREZ,7
PHEONIX,7
PINCHOS,7
PORTER,7
QUINLAN,7
RAFA,7
RAFAN,7
RAGNAR,7
RAMADAN,7
RANULPH,7
RAYANE,7
REEYAN,7
REJAN,7
REJUS,7
REMEL,7
RENATO,7
REY,7
REYAAN,7
RIAD,7
ROHIT,7
RONALDO,7
ROYCE,7
RUBYN,7
RUHAAN,7
SAAM,7
SAFWAAN,7
SAMAD,7
SAMIULLAH,7
SAMRAJ,7
SAMUELE,7
SAMUIL,7
SARTAJ,7
SAYAAM,7
SHAKIR,7
SHAKUR,7
SHUAYB,7
SINA,7
SOHAM,7
STEFANO,7
SUHAAN,7
SUKHRAJ,7
T-JAY,7
TAHSIN,7
TAIWO,7
TAMEEM,7
TARIK,7
TAYM,7
TEMITAYO,7
THEODOROS,7
TIM,7
TITAN,7
TITAS,7
TOPRAK,7
TYE,7
UTHMAAN,7
VALENTINE,7
VEDANSH,7
VIAN,7
WAEL,7
WYN,7
XAVI,7
YAASIR,7
YAHIA,7
YAHYE,7
YITZCHOK,7
YOEL,7
ZAKAI,7
ZAROON,7
ZAYED,7
ZEVI,7
ZIDAAN,7
AABID,6
AAHAN,6
AARYA,6
ABAAN,6
ABDI,6
ABDUL-HAKEEM,6
ABDULRAHEEM,6
ABDULWAHAB,6
ABID,6
ABRAR,6
ABYAN,6
ADAM-JUNIOR,6
ADRIEN,6
ADVITH,6
AJAN,6
AKSH,6
AKSHAY,6
ALDO,6
ALFIE-JAI,6
ALFONSO,6
ALIYAN,6
ALMIR,6
ALPHIE,6
ALTAY,6
AMARII,6
AMAY,6
AMIEL,6
AMIIN,6
ANDRZEJ,6
ANMOL,6
ANOOP,6
ANTHONY-JAMES,6
ARCHIE-RAY,6
ARCHY,6
ARDAN,6
AREL,6
ARSAL,6
ARSHAAN,6
ARTIOM,6
ASHAZ,6
ASHVIK,6
ASHVIN,6
ATAL,6
ATHARVA,6
AUM,6
AURELIO,6
AYAANSH,6
AYHAM,6
AYODELE,6
BAILEY-RAY,6
BASHIR,6
BEAUMONT,6
BELA,6
BENN,6
BERKIN,6
BERTRAND,6
BOYD,6
BRAJAN,6
BRAYLON,6
BURHAN,6
CADAN,6
CARLTON,6
CECIL,6
CHARLIE-JACK,6
CHARLY,6
CHIDUBEM,6
CHRISTOPHER-JUNIOR,6
CIERAN,6
CLYDE,6
CODY-JAY,6
CONNELL,6
CONSTANTINOS,6
DANILO,6
DANNY-LEE,6
DARIUSZ,6
DARRYL,6
DAVIN,6
DEACAN,6
DEEP,6
DEIAN,6
DEIVID,6
DENIRO,6
DENNIE,6
DENZIL,6
DHIAAN,6
DIMITAR,6
DIMITRIS,6
DIYAAN,6
DONTAY,6
DYLLAN,6
EAMON,6
EARL,6
EASA,6
EBUBECHUKWU,6
ED,6
EESHAN,6
EGHOSA,6
ELDEN,6
ELEAZAR,6
ELIH,6
ELON,6
ELWYN,6
ELY,6
EMILIANO,6
EMIN,6
ERGI,6
ERNESTO,6
ETTORE,6
FADI,6
FAUSTAS,6
FINBAR,6
FINNBAR,6
FINNEGAN,6
FRANKEE,6
FRANKEY,6
FRANKIE-JOE,6
FRASIER,6
FREDDI,6
FRYDERYK,6
FURKAN,6
GENESIS,6
GEO,6
GIANNI,6
GIBRIL,6
GLEB,6
GLENN,6
GREGOR,6
GUNEY,6
GURSEHAJ,6
GURTEJ,6
GUSTAW,6
HAAZIQ,6
HABEEB,6
HAMED,6
HANAD,6
HANS,6
HARFATEH,6
HARISH,6
HARNEK,6
HAROLDAS,6
HARRISON-JAMES,6
HARSAHIB,6
HARVIE,6
HENDERSON,6
HENDRIK,6
IACOV,6
IBRAHIMA,6
IKENNA,6
ILAN,6
ILHAN,6
ILIYA,6
IMAD,6
INDIE,6
IRA,6
IREOLUWA,6
ISAAC-JAMES,6
ISLAM,6
ISSAM,6
IULIAN,6
JAGJOT,6
JAHAZIEL,6
JAIDON,6
JAIRAJ,6
JAKSON,6
JALEN,6
JAMEL,6
JAMIE-JUNIOR,6
JAPHETH,6
JASHAN,6
JASKIRAT,6
JAY-J,6
JEFFERSON,6
JENSON-JAY,6
JERICHO,6
JIN,6
JOAB,6
JOBIE,6
JODY,6
JOHNSON,6
JOIE,6
JORDY,6
JOSEFF,6
JOVI,6
JUKE,6
JULEN,6
KAESON,6
KAMREN,6
KARTHIK,6
KASPIAN,6
KASSIUS,6
KAYSEN,6
KEALAN,6
KENJI,6
KIAN-JAMES,6
KOBY-LEE,6
KOJO,6
KORDELL,6
KORI,6
KRISHAV,6
KYAAN,6
LAMIN,6
LAWI,6
LEALAND,6
LEILAN,6
LEONID,6
LEWIN,6
LLYWELYN,6
LOUIE-JAMES,6
LOUKAS,6
LUCIOUS,6
LUCJAN,6
LUDO,6
LYNDEN,6
LYON,6
MAAHIR,6
MACEO,6
MADDEN,6
MAHAMUD,6
MAHID,6
MAJD,6
MAKSIMS,6
MARIAN,6
MARIN,6
MASSIMILIANO,6
MATHIS,6
MATTHEW-JAMES,6
MATTY,6
MAURICIO,6
MAWGAN,6
MCCAULEY,6
MEHTAB,6
MENASHE,6
METE,6
MICHAEL-JUNIOR,6
MIHIR,6
MIR,6
MITCH,6
MOEEZ,6
MOISHY,6
MOMIN,6
MOSTYN,6
MOUSA,6
MUAAD,6
MUBARIK,6
MUHAMMAD-IBRAHIM,6
MURAD,6
MUZAMIL,6
NAFTOLI,6
NAFTULI,6
NATANAEL,6
NATHANIAL,6
NEEKO,6
NEEV,6
NEVIN,6
NICCOLO,6
NICKY,6
NUMAIR,6
O'SHEA,6
OAKLEE,6
OCTAVIAN,6
OKTAWIAN,6
OLLIVER,6
OLUWADARASIMI,6
OLUWADEMILADE,6
OLUWASEYI,6
OLUWATOBI,6
OSCAR-JAY,6
OSHAN,6
OSTIN,6
PAPA,6
PASCAL,6
PHELAN,6
PREET,6
PROSPER,6
PTOLEMY,6
RADWAN,6
RAFFI,6
RAHMAN,6
RAMIZ,6
RAMON,6
RAMONE,6
RANA,6
RAUF,6
RAWAND,6
REDA,6
REGGIE-JAMES,6
REUBAN,6
REUEL,6
RISHABH,6
RISHIK,6
RIYADH,6
ROBBY,6
RODDY,6
ROMAO,6
ROMERO,6
RONNIE-RAY,6
ROSSI,6
RUBIN,6
RUHAN,6
SABIR,6
SADIQ,6
SALEM,6
SAMRAT,6
SAMYAR,6
SAN,6
SANDOR,6
SAUD,6
SAYYID,6
SEBASTIANO,6
SEELEY,6
SEVE,6
SEYED,6
SHAHID,6
SHAKAI,6
SHARWIN,6
SHIVANSH,6
SHULEM,6
SI,6
SIMAS,6
SKYE,6
SOHAIL,6
SOHAN,6
SRULY,6
STELLAN,6
TADEUSZ,6
TAHMEED,6
TANAKA,6
TANAY,6
TANVEER,6
TARANVEER,6
TAWANANYASHA,6
TAWHID,6
TAYLON,6
TAYYIB,6
TEDDY-JOHN,6
TEDDY-RAY,6
TEE-JAY,6
TERRENCE,6
TOREN,6
TREMAINE,6
TRISTAN-JAMES,6
TYLA,6
TYLER-LEE,6
TYLOR,6
URIAH,6
USAYD,6
USMAAN,6
VAKARIS,6
VEERAN,6
VIYAAN,6
VRAJ,6
VYOM,6
WARWICK,6
WOLFGANG,6
YASER,6
YAZEED,6
YUNIS,6
YURI,6
YUVRAAJ,6
YVES,6
ZACKARIA,6
ZAHEEN,6
ZAHIN,6
ZANA,6
ZARIF,6
ZARYAB,6
ZIAH,6
ZIHAN,6
ZSOMBOR,6
AADITYA,5
AARIN,5
AARNAV,5
AASIM,5
AAYANSH,5
ABD,5
ABDUL-RAHIM,5
ABDULBASIT,5
ABDULQADIR,5
ABDUS,5
ABUBACARR,5
ACHILLES,5
ADAMS,5
ADEDAMOLA,5
ADIB,5
ADIYAN,5
ADONIJAH,5
ADYAAN,5
AGHA,5
AISTIS,5
AJMAL,5
AKSHAJ,5
AL-AMIN,5
ALBEY,5
ALEKSANDRAS,5
ALEKSEY,5
ALEKSI,5
ALEKSS,5
ALEXANDER-JAMES,5
ALEXANDR,5
ALFFI,5
ALFREDO,5
ALIM,5
ALONZO,5
ALWYN,5
AMANDEEP,5
AMANUEL,5
AMARVEER,5
AMAZIAH,5
AMINE,5
AMRIK,5
ANDRAS,5
ANDREJ,5
ARAF,5
ARBER,5
AREEN,5
ARLAN,5
ARLOW,5
AROS,5
ARVI,5
ASAIAH,5
ASHTON-JAMES,5
ASHTON-LEE,5
ASIF,5
AUN,5
AVINASH,5
AVYAAN,5
AWWAL,5
AYHAN,5
BADEN,5
BAILIE,5
BASIT,5
BASTIAN,5
BASTIEN,5
BAWAN,5
BEAUX,5
BENAIAH,5
BENEDEK,5
BENNI,5
BILLY-JAY,5
BLAYZE,5
BOBBY-JAMES,5
BOBBY-RAY,5
BODI,5
BOHAN,5
BORISLAV,5
BORUCH,5
BOYAN,5
BRAYLIN,5
BRIGHT,5
BRODIE-LEE,5
BRUK,5
C-JAY,5
CAILEN,5
CALDER,5
CAMRAN,5
CAULEY,5
CAVELL,5
CAYDE,5
CAYDON,5
CAYLEN,5
CAYLUM,5
CHARLEE,5
CHARLIE-RAY,5
CHENG,5
CHIDI,5
CHINEDU,5
CHRISTIANO,5
CLINTON,5
COBY-JAMES,5
COBYN,5
CODY-JAMES,5
COLBIE,5
COLETON,5
COREY-JAMES,5
CORTEZ,5
COSMIN,5
CREE,5
CRISPIN,5
CRUIZ,5
CUTHBERT,5
CYRIL,5
D'ANDRE,5
D'ANGELO,5
DANIEL-LEE,5
DANIL,5
DARIEN,5
DAVE,5
DAXTON,5
DEION,5
DELANO,5
DEMARI,5
DEMPSEY,5
DERIN,5
DERRY,5
DESTINY,5
DEVONTE,5
DEYAN,5
DIAMOND,5
DILANAS,5
DINIS,5
DJANGO,5
DOMINIKS,5
DONTAE,5
DOUGAL,5
DOV,5
DRACO,5
DUARTE,5
DYFAN,5
DYLON,5
EDVIN,5
EHSAAN,5
EIFION,5
EITAN,5
ELAN,5
ELIMELECH,5
ELOI,5
ELSON,5
ELYON,5
EMAAD,5
EMYR,5
ENEA,5
ENRIC,5
ERFAN,5
ERON,5
ERVIN,5
ESSAM,5
FAAIZ,5
FAHD,5
FAHIM,5
FAREED,5
FARREN,5
FAWAZ,5
FAZAL,5
FIN,5
FINDLEY,5
FINLEY-JAMES,5
FLYN,5
FRANZ,5
FUAD,5
GABE,5
GABRIELIS,5
GAIUS,5
GARRY,5
GERSHON,5
GRYFF,5
GRZEGORZ,5
GUNNAR,5
GURJOT,5
GURPREET,5
GUSTAVE,5
HAASHIR,5
HAMIM,5
HAN,5
HANK,5
HANSEL,5
HARGUN,5
HARLEY-JOE,5
HARNOOR,5
HARRINGTON,5
HARRY-LEE,5
HARVEY-JAI,5
HARVIN,5
HASAAN,5
HEAVEN,5
HENRIKAS,5
HENRIQUE,5
HEYAN,5
HUDAIFA,5
HUDAYFA,5
HUDHAYFAH,5
HUGAS,5
HUSAIN,5
HUSAM,5
HYWEL,5
IANNIS,5
IBAAD,5
IBAD,5
IFECHUKWU,5
IGNATIUS,5
IKER,5
IKRAM,5
ILIAN,5
ION,5
ISAAM,5
ISRAFIL,5
IYAD,5
JABRIL,5
JACKY,5
JACOB-JAY,5
JACOB-JOHN,5
JACOB-LEE,5
JAFAR,5
JAICOB,5
JAIDEEP,5
JAINIL,5
JAMARI,5
JAMES-DEAN,5
JAMESDEAN,5
JAMIESON,5
JANEK,5
JARRED,5
JASDEEP,5
JAYDN,5
JAYEN,5
JAZIAH,5
JEDD,5
JEDIAH,5
JEFF,5
JENSEN-JAMES,5
JETSON,5
JIBRAEL,5
JOAH,5
JOAQUIM,5
JOBEY,5
JOHNY,5
JON-PAUL,5
JOOLS,5
KACE,5
KADEEM,5
KAI-JAMES,5
KAIEN,5
KAILEM,5
KALIB,5
KANAV,5
KARMAN,5
KARSTEN,5
KASRA,5
KAYEN,5
KAYLUN,5
KEBBA,5
KELDON,5
KENECHUKWU,5
KENZIE-JAMES,5
KENZIE-LEE,5
KEVINS,5
KHAALID,5
KHALIF,5
KHALIFAH,5
KHIAN,5
KIELAN,5
KIEN,5
KIP,5
KIRIL,5
KIRIN,5
KIVANC,5
KONNOR,5
KONSTANTIN,5
KOSISOCHUKWU,5
KRISTOFERS,5
KRISTOFFER,5
KUMAYL,5
KWAKU,5
KYON,5
KYREECE,5
KYRIACOS,5
KYZER,5
LADISLAV,5
LAMAR,5
LARSSON,5
LAWIN,5
LAZARUS,5
LEANDRE,5
LEMAR,5
LEONAS,5
LEWYN,5
LIAN,5
LINCON,5
LINTON,5
LLEWYN,5
LLYR,5
LONDON,5
LORIK,5
LOUIE-JAY,5
LOWELL,5
LOXLEY,5
LUCA-JAY,5
LUI,5
MACKINLEY,5
MADALIN,5
MAEL,5
MAHMOOD,5
MANAN,5
MANASSEH,5
MANROOP,5
MARIUSZ,5
MATEEN,5
MAXEN,5
MAXENCE,5
MAXIMOS,5
MEHRAN,5
METIN,5
MILLEN,5
MINH,5
MOHAMMED-ALI,5
MOMODOU,5
MUHAMMAD-MUSA,5
MUHAMMAD-ZAKARIYA,5
MUHAMMET,5
MUIZ,5
MUNACHIMSO,5
MUTASIM,5
NABEEL,5
NAMEER,5
NARCIS,5
NARYAN,5
NASH,5
NASRI,5
NAUFAL,5
NAVJOT,5
NAZIAH,5
NERO,5
NICCO,5
NIKLAS,5
NIKLAUS,5
NIKOS,5
NINO,5
NIRVAIR,5
NISHAN,5
NITHUSH,5
NOBEL,5
NOVAK,5
NURAIZ,5
NYAL,5
NYALL,5
NYE,5
OAKLEY-JAMES,5
OJAS,5
OLIVER-GEORGE,5
OLIVER-JACK,5
OLUWAFIKAYOMI,5
OLUWATIMILEHIN,5
ORESTIS,5
ORLAN,5
OSAMA,5
OSCAR-GEORGE,5
OSSIE,5
OSTYN,5
OTHMAN,5
OZ,5
PADRAIG,5
PANAGIOTIS,5
PARKER-JAMES,5
PARSA,5
PARTHIV,5
PAUL-JUNIOR,5
PELE,5
PERSEUS,5
PIERCE,5
PIERS,5
PIJUS,5
PIP,5
PRISH,5
PRIYANSH,5
PRZEMYSLAW,5
QUIN,5
RAFFAEL,5
RAFFAELLO,5
RAHAND,5
RAIENS,5
RAKAN,5
RAKEEM,5
RALFIE,5
RAMEEZ,5
RAMSAY,5
REDFORD,5
REMARNI,5
REMIEL,5
REUBYN,5
REZA,5
RIDWAAN,5
RILEY-JACK,5
RILEY-LEE,5
RILEY-THOMAS,5
RITHVIK,5
RODNEY,5
ROHAIL,5
ROHIN,5
ROMI,5
RON,5
RONAV,5
RONNIE-LEE,5
ROQUE,5
RUBAN,5
RUDOLF,5
RUMI,5
RUSTAM,5
RUSTY,5
RYLAND,5
SA'AD,5
SAADI,5
SAAIM,5
SABIN,5
SAHAL,5
SAHAS,5
SAHIBJOT,5
SAIHAAN,5
SAINT,5
SAJAN,5
SAMUEL-JAMES,5
SANAV,5
SANDRO,5
SARDAR,5
SARMAD,5
SAVIO,5
SAYHAN,5
SEHAJ,5
SENNA,5
SHAHEEN,5
SHAHMEER,5
SHAMAR,5
SHAYLEN,5
SHERLOCK,5
SHIVAAN,5
SHK,5
SHMIEL,5
SHREYAS,5
SIDDHARTHA,5
SIMBARASHE,5
SIYAM,5
SKY,5
SOMTOCHUKWU,5
SONNI,5
STANISLAV,5
STAVROS,5
STORM,5
SULAIMAAN,5
SULAYMAAN,5
SULLY,5
SYMEON,5
TADGH,5
TAIT,5
TAMJID,5
TANUSH,5
TAO,5
TARON,5
TATUM,5
TAYLER,5
TAYLOR-JAMES,5
TAYLOR-JAY,5
TAYTE,5
TEDDY-LEE,5
TEJ,5
TEON,5
THARUN,5
THEOPHILUS,5
THIERNO,5
THOM,5
TIBOR,5
TIEN,5
TIMAS,5
TOBECHUKWU,5
TOBY-LEE,5
TORSTEN,5
TRAYVON,5
TRISHAN,5
TRISTON,5
TURAN,5
TYLER-JOHN,5
TYREE,5
TYRON,5
TYRUS,5
TYTUS,5
UGNIUS,5
UGONNA,5
VASCO,5
VASILE,5
VIVEK,5
WAHAB,5
WARIS,5
WASEEM,5
WASI,5
WINTER,5
WITOLD,5
XZAVIER,5
YACOUB,5
YAHIYA,5
YAMAN,5
YAMEN,5
YAN,5
YANN,5
YARO,5
YASEER,5
YASSEEN,5
YAZEN,5
YECHEZKEL,5
YEHOSHUA,5
YESHUA,5
YOAN,5
YONAH,5
YORDAN,5
YUSAF,5
ZACCHAEUS,5
ZAHRAN,5
ZAKARI,5
ZAKARIYE,5
ZAKWAN,5
ZARAAN,5
ZEB,5
ZEUS,5
ZIAD,5
ZIYAAD,5
ZIYAAN,5
ZOHAAN,5
ZORAVAR,5
AADESH,4
AADHAV,4
AALIM,4
AANAV,4
AAREN,4
AARON-JAY,4
AARVIN,4
AARYAV,4
AASHIR,4
AAYAAN,4
ABASS,4
ABDEL,4
ABDIRASHID,4
ABDOU,4
ABDOUL,4
ABDOULIE,4
ABDUL-MALIK,4
ABDUL-QADIR,4
ABDUL-REHMAN,4
ABDULKADIR,4
ABDULKAREEM,4
ABDULRAHIM,4
ABDULREHMAN,4
ABDULSAMAD,4
ABDUS-SAMI,4
ABHI,4
ABHIJEET,4
ABUBAKER,4
ADEBAYO,4
ADEMOLA,4
ADEWALE,4
ADHRIT,4
ADISON,4
ADON,4
ADONAY,4
ADVAITH,4
ADVAY,4
ADY,4
AESON,4
AGAM,4
AHNAF,4
AIDAAN,4
AIDYN,4
AJAI,4
AKAM,4
AKOREDE,4
AKOS,4
AKSHARAN,4
AKSHITH,4
ALAIN,4
ALAM,4
ALARIC,4
ALBEE,4
ALBIE-JAY,4
ALBUS,4
ALDOUS,4
ALDRIN,4
ALEHANDRO,4
ALEKSEI,4
ALEN,4
ALEXEY,4
ALEXIOS,4
ALF,4
ALIYAAN,4
ALPER,4
ALPEREN,4
ALPHONSE,4
ALTAN,4
ALTEO,4
ALVIE,4
AMAD,4
AMADEUS,4
AMANI,4
AMARE,4
AMIL,4
AN,4
ANAIAH,4
ANASHE,4
ANDOR,4
ANEES,4
ANEESH,4
ANEIRIN,4
ANUJ,4
AQIL,4
ARA,4
ARAFATH,4
ARAZ,4
ARBI,4
ARCHEY,4
ARCHIE-JAI,4
ARCHIE-JAY,4
ARDIL,4
ARETAS,4
ARIO,4
ARKAN,4
ARLOWE,4
ARMANDS,4
ARNI,4
ARO,4
ARSHAD,4
ARSHIA,4
ARSHVEER,4
ARTEMIJS,4
ARTEMIS,4
ARTHUR-JOHN,4
ARTJOMS,4
ARUSHAN,4
ARVIND,4
ARYAMAN,4
ARYEH,4
ASHA,4
ASHAAN,4
ASHIR,4
ASRIEL,4
ASSER,4
ATES,4
AUGUSTE,4
AURYN,4
AUSTIN-JAMES,4
AVNER,4
AVYUKT,4
AZAM,4
AZARI,4
AZHAR,4
BAKARY,4
BAKER,4
BALAZS,4
BALINT,4
BARON,4
BARTHOLOMEW,4
BAYLEE,4
BEDWYR,4
BENEDIKTAS,4
BENICIO,4
BERZAN,4
BLADE,4
BLANE,4
BLAYKE,4
BOB,4
BOBBY-JAI,4
BOBBY-JAY,4
BOLUWATIFE,4
BRAE,4
BRANDEN,4
BRAYLEN,4
BRENIN,4
BRENTON,4
BRODEN,4
BRODERICK,4
BRODI,4
BRODY-LEE,4
CADEL,4
CAELEN,4
CAELUM,4
CAERWYN,4
CAETANO,4
CAIAN,4
CAISON,4
CALLUN,4
CALON,4
CAMILLE,4
CAMILO,4
CARL-JUNIOR,4
CARLITO,4
CARMELO,4
CAYLEB,4
CESARE,4
CETIN,4
CHAE,4
CHAEL,4
CHARLIE-JOE,4
CHARLIE-JUNIOR,4
CHARLIE-LEE,4
CHEIKH,4
CHESKY,4
CHIBUEZE,4
CHIDINDU,4
CHINONSO,4
CHUKWUEMEKA,4
CIHAN,4
CLAUDE,4
CLIFFORD,4
COLLINS,4
CONNOR-LEE,4
CONSTANTINO,4
CORBY,4
CORDELL,4
COREY-LEE,4
CORNEL,4
COSTAS,4
CRAWFORD,4
CREWE,4
CYAN,4
DACIAN,4
DAITON,4
DAMAN,4
DANA,4
DANAIL,4
DARBY,4
DARDAN,4
DARRELL,4
DARRON,4
DAVID-JAMES,4
DAWIT,4
DAYYAN,4
DEEGAN,4
DEJAN,4
DEMITRI,4
DENHOLM,4
DENISLAV,4
DENISS,4
DENTON,4
DERMOT,4
DESHAWN,4
DEVONTAE,4
DEVRAN,4
DHAIRYA,4
DHARSHAN,4
DHRUVA,4
DHRUVIN,4
DHYLAN,4
DIAR,4
DIDIER,4
DIESEL,4
DILSHAN,4
DIVAM,4
DRAVEN,4
DREY,4
DUMITRU,4
DUSAN,4
DUSTIN,4
EASAH,4
EDMOND,4
EIMANTAS,4
EISSA,4
EITA,4
EKAMJOT,4
EKAMVEER,4
ELGAN,4
ELIA,4
ELIE,4
ELIJAH-JAMES,4
ELIYAHU,4
ELOHIM,4
ELYAN,4
EMERY,4
EMILS,4
EMIRHAN,4
ENDA,4
ENOH,4
EROL,4
EROS,4
ERRON,4
ETHAN-LEE,4
ETHYN,4
EZIO,4
FARAN,4
FARON,4
FARRAN,4
FARRON,4
FARZAN,4
FAYZAN,4
FERGAL,4
FEYNMAN,4
FIACHRA,4
FINIAN,4
FINLEE,4
FINTON,4
FIRAS,4
FREDDIE-GEORGE,4
FREDDIE-JOE,4
FREDDIE-RAY,4
FYFE,4
FYNNLEY,4
GAURAV,4
GEORGES,4
GEORGY,4
GHYLL,4
GONCALO,4
GONZALO,4
GRAYSEN,4
GREG,4
GREGORIO,4
GREY,4
GRIFFITH,4
GUILLERMO,4
GURKIRAT,4
GURNEK,4
GURPAL,4
GURSAHIB,4
GURSHAAN,4
GWYN,4
HADLEIGH,4
HAITHAM,4
HANI,4
HANIEL,4
HANISH,4
HARJAN,4
HARKIRAT,4
HARLEY-JAI,4
HARLEY-RAY,4
HARLO,4
HARMAAN,4
HARPREET,4
HARRISON-LEE,4
HARRYSON,4
HARSHIV,4
HARSHVEER,4
HARSIMRAN,4
HARUUN,4
HARVI,4
HASANAIN,4
HASSAAN,4
HASSNAIN,4
HAYAAN,4
HAYDAR,4
HAYDEN-JAMES,4
HAZIQ,4
HENOK,4
HERB,4
HERO,4
HERSHY,4
HO,4
HORACE,4
HRISTO,4
HUD,4
HUMAYL,4
HUNTER-JAMES,4
HUSSAM,4
HUSSNAIN,4
HUZAYFAH,4
IBRAAHEEM,4
IDEN,4
IFEOLUWA,4
IFOR,4
IGGY,4
IGNACIO,4
IKECHUKWU,4
IKRAAM,4
ILIE,4
ILIYAS,4
ILYES,4
IMAAN,4
IMARI,4
INDIGO,4
INIOLUWA,4
IONEL,4
IS'HAQ,4
ISAK,4
ISMAILA,4
ISSIAH,4
IWINOSA,4
IYAAZ,4
IZAC,4
IZAN,4
IZAYAH,4
J,4
JACK-JUNIOR,4
JACKSON-JAMES,4
JACO,4
JAGGER,4
JAGJEEVAN,4
JAHIEM,4
JAIDEN-LEE,4
JAIRUS,4
JAITON,4
JAIVON,4
JAKE-JUNIOR,4
JAKOBI,4
JAMES-JOHN,4
JAPMAN,4
JARON,4
JASIR,4
JAVID,4
JAXON-LEE,4
JAYCEON,4
JAYMES,4
JAYVEER,4
JEET,4
JEMAL,4
JENS,4
JESPER,4
JESSE-LEE,4
JESSIE,4
JESWIN,4
JEZIAH,4
JING,4
JIRI,4
JIYAN,4
JOBAN,4
JODHVEER,4
JOEY-LEE,4
JOHN-JOE,4
JOHN-JUNIOR,4
JOHN-MICHAEL,4
JOLYON,4
JONA,4
JONI,4
JONNIE,4
JORAWAR,4
JORDON,4
JOSEPH-JAMES,4
JOVANNI,4
JOY,4
JUELZ,4
JULIO,4
JUPITER,4
KACI,4
KAII,4
KAILEB,4
KAINAN,4
KAIO,4
KAITO,4
KALIL,4
KALON,4
KALOYAN,4
KAMARLEY,4
KAMARNI,4
KAMYAR,4
KARAMVEER,4
KASSIM,4
KAVEER,4
KAVELL,4
KAVI,4
KAVIR,4
KAYDEN-JAY,4
KAYLON,4
KAYODE,4
KEAN,4
KEANO,4
KEEAN,4
KEEYAN,4
KEIAN,4
KELECHI,4
KEMAR,4
KENDAL,4
KENDALL,4
KEYLAN,4
KHANH,4
KHUBAYB,4
KHYAN,4
KIEREN,4
KIMI,4
KINAN,4
KIRAT,4
KIRUBEL,4
KLAUS,4
KOBI-JAMES,4
KODA,4
KONSTANTY,4
KORBAN,4
KORDIAN,4
KOTA,4
KRAY,4
KUNASHE,4
KUNJ,4
KY-MANI,4
KYDON,4
KYREE,4
KYZA,4
LABIB,4
LAEL,4
LANZ,4
LATIF,4
LAVELL,4
LAWRIE,4
LAYLEN,4
LAYTON-JAMES,4
LAZER,4
LEART,4
LEDLEY,4
LEE-JUNIOR,4
LEESON,4
LEIGH,4
LEIGHLAN,4
LENARD,4
LENNI,4
LEONE,4
LEVIN,4
LEWAN,4
LIOR,4
LJ,4
LOCKE,4
LONAN,4
LOUCA,4
LOVELL,4
LUCA-JAMES,4
LUCAH,4
LUIE,4
LUIGI,4
LUIZ,4
LUX,4
LYNCON,4
MAALIK,4
MAAN,4
MAHEER,4
MAHMUD,4
MAJID,4
MAKENZIE,4
MALIQ,4
MANSOOR,4
MARCU,4
MARKOS,4
MARMADUKE,4
MARSHAL,4
MARTI,4
MASEN,4
MASOUD,4
MATAN,4
MATH,4
MATHEO,4
MATHIEU,4
MATIS,4
MATTHIEU,4
MATVEI,4
MATVEJ,4
MAURO,4
MAURYCY,4
MAXTON,4
MAYON,4
MCAULEY,4
MEDHANSH,4
MEHTAAB,4
MELIH,4
MESHACH,4
MIAN,4
MICHAEL-JAMES,4
MICHAIL,4
MICHELANGELO,4
MIKA'IL,4
MIKAYEEL,4
MIKHAEL,4
MIKO,4
MILANO,4
MILLAR,4
MINHAJ,4
MIRACLE,4
MOAYAD,4
MOFEOLUWA,4
MOHAMMED-MUSA,4
MOHAMMOD,4
MOHIT,4
MOHNISH,4
MONTANA,4
MONTE,4
MORDECAI,4
MORTIMER,4
MOSTAFA,4
MOTTI,4
MOUSSA,4
MU'ADH,4
MUBEEN,4
MUHAMMAD-EESA,4
MUHAMMAD-HASHIM,4
MUMIN,4
MURAT,4
MUZZAMMIL,4
MYKAH,4
NAVEED,4
NAVEEN,4
NAVIN,4
NAWAZ,4
NAZIR,4
NEESON,4
NIAZ,4
NICODEM,4
NICOLAI,4
NIHAD,4
NIK,4
NIKAN,4
NIKKI,4
NIMA,4
NITYA,4
NIVAN,4
NIVEN,4
NIYAM,4
NOAR,4
NOBLE,4
NOMAN,4
NORAIZ,4
NUBAID,4
OAKLAN,4
OAKLEIGH,4
OBINNA,4
ODEN,4
OHENE,4
OLAYEMI,4
OLE,4
OLEK,4
OLIN,4
OLIVER-JOHN,4
OLLY-JAY,4
OLUWAFEMI,4
OLUWAKOREDE,4
OLUWANIFEMI,4
OLUWASEMILORE,4
OLUWASEUN,4
OLUWATIMILEYIN,4
OLUWATOMISIN,4
OLUWATONI,4
OLUWATOSIN,4
OMED,4
OMOBOLAJI,4
ONKAR,4
ONYX,4
OPIE,4
OSAGIE,4
OSAZE,4
OSKARS,4
PANASHE,4
PANTH,4
PARAM,4
PARIN,4
PATRIC,4
PAVLOS,4
PEARCE,4
PETER-JAMES,4
PETR,4
PHARAOH,4
PHELIX,4
PHILIPPOS,4
PINCHAS,4
POLAT,4
PRABHNOOR,4
PRATEEK,4
PRATIK,4
PRESTON-LEE,4
PRIYAN,4
QAASIM,4
QUINTEN,4
RA'NELL,4
RAAFI,4
RAAJVEER,4
RADOSLAV,4
RADOSLAW,4
RAED,4
RAFAELS,4
RAI,4
RAIHAAN,4
RAJAB,4
RAM,4
RAND,4
RAQEEB,4
RASHAUN,4
RASHEED,4
RAWA,4
RAYANSH,4
REDD,4
REES,4
REGGIE-JAY,4
REGGIE-RAY,4
REHMAN,4
REMIE,4
RENWA,4
REXFORD,4
REYHAN,4
REYNOLD,4
RHIAN,4
RHION,4
RICHMOND,4
RIDHAAN,4
RIDHWAN,4
RIHAAN,4
RIHAN,4
RILEY-JAE,4
RILEY-JOE,4
RILEY-RAY,4
RIPLEY,4
RIYON,4
ROBEL,4
ROBY,4
ROEN,4
ROHAT,4
ROMA,4
ROMEN,4
RONAK,4
RONEL,4
RONNIE-JAMES,4
RORIE,4
ROSHAAN,4
ROYAL,4
RUAIRIDH,4
RUDR,4
RUFAEL,4
RYDEN,4
RYYAN,4
SAABIR,4
SAALIH,4
SADEED,4
SAFAL,4
SAIKOU,4
SAISH,4
SALAAR,4
SALAHUDIN,4
SAMBA,4
SAMER,4
SANTOS,4
SAQIB,4
SATHVIK,4
SAVIOUR,4
SAYAN,4
SAYYED,4
SEBASTIAO,4
SEM,4
SENAY,4
SERAFIM,4
SERHAT,4
SERKAN,4
SEWERYN,4
SHAHEEM,4
SHAKIB,4
SHAKIL,4
SHAQUAN,4
SHAQUILLE,4
SHARIF,4
SHAUNAK,4
SHAWAIZ,4
SHAYDON,4
SHAYLON,4
SHAZAIB,4
SHEERAN,4
SHIA,4
SHIVA,4
SHLOIMY,4
SHREYAN,4
SHRIYAN,4
SHYAM,4
SIDDH,4
SIDDHANT,4
SIRIUS,4
SIYAR,4
SKYLAR,4
SOFIANE,4
SOHAAN,4
SOUL,4
SRIYAN,4
STANLEE,4
STOYAN,4
SUFIAN,4
SUKHMAN,4
SUYOG,4
SVEN,4
SYON,4
T,4
TADAS,4
TAKUNDA,4
TALHAH,4
TALON,4
TAMAS,4
TANZIL,4
TAWFIQ,4
TAY,4
TAYON,4
TEDDIE-JAMES,4
TEJAS,4
TEJAY,4
TEMIDAYO,4
TENDAI,4
TERELL,4
THABO,4
THATCHER,4
TIMMY,4
TIMOFEJ,4
TIMOFEY,4
TOBIA,4
TOBY-JAMES,4
TODOR,4
TOMMIE-LEE,4
TOMMY-JAI,4
TOMMYLEE,4
TREI,4
TRENTON,4
TREVELL,4
TRUMAN,4
TYLEN,4
TYLER-JACK,4
TYRELLE,4
TZVI,4
UBAIDULLAH,4
UGOCHUKWU,4
UNAIS,4
VALERIO,4
VASILEIOS,4
VEDANTH,4
VICENTE,4
VICTORY,4
VIHAN,4
VIJAY,4
VIKRAM,4
VINICIUS,4
VINNI,4
VIRAAT,4
VISHRUTH,4
VITOR,4
VIVIAN,4
VIYAN,4
VOLKAN,4
WAFI,4
WALLACE,4
WAN,4
WASIM,4
WESTLEY,4
WILEY,4
WILLIAMS,4
WYNN,4
WYNTER,4
XABIER,4
XAVIAN,4
YA'QUB,4
YAGO,4
YAHYAA,4
YAVUZ,4
YAW,4
YAZDAN,4
YICHEN,4
YONAS,4
YONI,4
YOOSUF,4
YOSUF,4
YOTAM,4
YUSSUF,4
ZAAKIR,4
ZACARIAH,4
ZACARIAS,4
ZACKARIAH,4
ZADE,4
ZAHEER,4
ZAIM,4
ZAKARIYYAH,4
ZAMAN,4
ZAYYAAN,4
ZE,4
ZEDEKIAH,4
ZEON,4
ZEPHAN,4
ZEPHYRUS,4
ZIXUAN,4
ZVI,4
ZYON,4
AADARSH,3
AADHAM,3
AADHEEN,3
AADHI,3
AADHVIK,3
AADIDEV,3
AADIT,3
AAHAAN,3
AAJAY,3
AAKASH,3
AALIYAAN,3
AALIYAN,3
AANAY,3
AAQIB,3
AARAIZ,3
AARIAN,3
AARON-JAMES,3
AARON-JUNIOR,3
AARUN,3
ABDELMALEK,3
ABDIKARIM,3
ABDILLAHI,3
ABDINASIR,3
ABDINUR,3
ABDIRIZAK,3
ABDUL-AZEEZ,3
ABDUL-HAKIM,3
ABDUL-MANNAN,3
ABDUL-MUIZ,3
ABDUL-SAMAD,3
ABDUL-SAMI,3
ABDUL-WAHHAB,3
ABDUL-WASAY,3
ABDULAHAD,3
ABDULAI,3
ABDULHAKIM,3
ABDULLAAH,3
ABDUR-REHMAN,3
ABED,3
ABIEL,3
ABIRAJ,3
ABOUBAKAR,3
ABU-HURAIRA,3
ADAR,3
ADARSH,3
ADEBOLA,3
ADEEN,3
ADEOLUWA,3
ADIYAAN,3
ADOM,3
ADRIAAN,3
ADRIN,3
ADVIT,3
AFAAN,3
AFAN,3
AFFAAN,3
AFNAAN,3
AFTAB,3
AGAMVEER,3
AGUSTIN,3
AHAMED,3
AHAN,3
AIDAS,3
AILAN,3
AIRONAS,3
AJANI,3
AJUS,3
AKAAL,3
AKAI,3
AKARSH,3
AKHIL,3
AKIL,3
AKSHAR,3
AL-YASA,3
ALAMIN,3
ALBIE-LEE,3
ALBORZ,3
ALEKSEJ,3
ALESIO,3
ALEX-JAMES,3
ALEX-JUNIOR,3
ALEXANDRO,3
ALFFIE,3
ALFIE-RAY,3
ALFIE-THOMAS,3
ALHAJI,3
ALHASAN,3
ALIF,3
ALIYU,3
ALLY,3
ALMAN,3
ALONIAB,3
ALVAN,3
ALVI,3
ALVIS,3
ALY,3
ALYAS,3
AMAAD,3
AMADEO,3
AMANVIR,3
AMARION,3
AMARIS,3
AMARNI,3
AMED,3
AMELIO,3
AMER,3
AMID,3
AMITOJ,3
AMJED,3
AMON,3
ANANTH,3
ANASS,3
ANATOLE,3
ANDREW-JOHN,3
ANDREW-JUNIOR,3
ANEEQ,3
ANGELOS,3
ANGELUS,3
ANHAD,3
ANIV,3
ANKUSH,3
ANNAS,3
ANSHUL,3
ANTHONY-JUNIOR,3
ANTONIE,3
ANUAR,3
ANUOLUWAPO,3
ANUSH,3
ANZAR,3
APOLLON,3
ARANVEER,3
ARCHIBOLD,3
ARCHIE-LEIGH,3
ARHAAM,3
ARHAN,3
ARIA,3
ARIE,3
ARIHAAN,3
ARINZE,3
ARISTOTELIS,3
ARIV,3
ARLI,3
ARMAND,3
ARMANJ,3
ARNAUD,3
ARNE,3
ARPAD,3
ARRON-JUNIOR,3
ARSEN,3
ARSENIJ,3
ARSHMAN,3
ARTAN,3
ARTHUR-GEORGE,3
ARTHUR-JAMES,3
ARTIS,3
ARTURAS,3
ARUSH,3
ARWIN,3
ARYAVEER,3
ARZAAN,3
ASAAD,3
ASAPH,3
ASEEL,3
ASHBY,3
ASHLEE,3
ASHLEY-JUNIOR,3
ASIER,3
ASPEN,3
ASTIJUS,3
ASTIN,3
ATHAN,3
ATHANASIOS,3
ATHAR,3
ATHAVAN,3
ATILLA,3
AUBERON,3
AURELIUS,3
AURON,3
AVANEESH,3
AVEN,3
AVIEL,3
AVIGDOR,3
AVIJOT,3
AVIK,3
AVIRAJ,3
AWAB,3
AYAAZ,3
AYDENN,3
AYMAAN,3
AYOBAMI,3
AYOMIKUN,3
AYON,3
AYYOUB,3
AZAI,3
AZEEZ,3
AZRAEL,3
BADER,3
BAFFOUR,3
BAILEY-JAY,3
BAILEY-LEE,3
BAKO,3
BALIAN,3
BALVEER,3
BAM,3
BAPTISTE,3
BARCLEY,3
BARIS,3
BASEL,3
BATUHAN,3
BAYLEN,3
BEHRAM,3
BEHZAD,3
BELAL,3
BELTRAN,3
BENEAMIN,3
BENEDIKT,3
BENI,3
BENNIE,3
BENOIT,3
BEREN,3
BETZALEL,3
BILLAL,3
BILLY-LEE,3
BLAIN,3
BLESSED,3
BLESSING,3
BOBBY-GEORGE,3
BOHEN,3
BORIL,3
BOYCIE,3
BRADAN,3
BRAJEN,3
BRANDAN,3
BRANNON,3
BRAXSON,3
BRAYDAN,3
BRAYDEN-LEE,3
BRAYEN,3
BRAYLAN,3
BRENT,3
BRICE,3
BROOKLIN,3
BRYCHAN,3
BRYNMOR,3
BUSBY,3
C,3
CAILAN,3
CAILEAN,3
CAIRAN,3
CALIN,3
CALLUM-JAMES,3
CAMREN,3
CANER,3
CARL-JAMES,3
CARLISLE,3
CARNEY,3
CARY,3
CASEN,3
CASHEL,3
CASIMIR,3
CATALIN,3
CATO,3
CAVANI,3
CEDAR,3
CEDRICK,3
CEIRION,3
CELLAN,3
CEMAL,3
CEMLYN,3
CESAR,3
CESUR,3
CHARAN,3
CHARLES-JUNIOR,3
CHARLIE-JOHN,3
CHAUDHRY,3
CHEN,3
CHI,3
CHIAGOZIEM,3
CHIBUIKEM,3
CHIDIEBUBE,3
CHIGOZIE,3
CHIMAOBIM,3
CHISOM,3
CHRISTIAAN,3
CHRISTOPHER-JAMES,3
CHRISTOPHER-JAY,3
CHUKA,3
CHUKWUDUBEM,3
CIRO,3
CIWAN,3
CLARENCE,3
CLEVELAND,3
CLINT,3
COBY-JAY,3
COBY-LEE,3
CODEN,3
CODIE-JAMES,3
CONOR-JAMES,3
COREY-JAY,3
CORIN,3
CORNELIUS,3
CORRADO,3
CRIMEA,3
CRUE,3
CSABA,3
DAEVON,3
DAGIM,3
DAHAT,3
DAIVIK,3
DAMARION,3
DAMILOLA,3
DAMION,3
DANAS,3
DANER,3
DANIEL-JOSEPH,3
DANIILS,3
DANILA,3
DANIS,3
DANNY-JUNIOR,3
DARAGH,3
DARCEY,3
DARO,3
DARRYN,3
DARYLL,3
DASH,3
DASHIELL,3
DASTAN,3
DAULTON,3
DAVIDS,3
DAVIDSON,3
DAVIE,3
DAVIT,3
DEAKIN,3
DEAN-JUNIOR,3
DEANDRE,3
DEINIOL,3
DEJUAN,3
DEMETRIOS,3
DEMETRIS,3
DEMETRIUS,3
DEMID,3
DEMILADE,3
DENIM,3
DENLEY,3
DENYS,3
DENZELL,3
DEONDRE,3
DERICK,3
DERON,3
DEVYAN,3
DEWAN,3
DEX,3
DHARMIK,3
DHARUN,3
DHYAAN,3
DHYEY,3
DIHEIN,3
DILANS,3
DILLION,3
DILRAJ,3
DIONIS,3
DIVYAM,3
DMITRI,3
DOMINIC-JOHN,3
DOMINIQUE,3
DONAL,3
DONATELLO,3
DONNACHA,3
DOVI,3
DOVID,3
DOVIDAS,3
EBON,3
EBUBEKIR,3
EDDIE-JAMES,3
EDGARAS,3
EDIN,3
EDON,3
EDOSA,3
EDOUARD,3
EDVARDS,3
EFEZINO,3
EFOSA,3
EFREM,3
EHAAN,3
EHAB,3
EHREN,3
EIJAZ,3
EINAR,3
EINORAS,3
EITHAN,3
EJAZ,3
EKTORAS,3
EL,3
ELIASZ,3
ELIJAS,3
ELIOENAI,3
ELIYA,3
ELJAY,3
ELLERY,3
ELLIAS,3
ELLIJAH,3
ELLIOTT-JAMES,3
ELOUAN,3
ELOZOR,3
ELYES,3
EMAAN,3
EMILIJUS,3
EMMANOUIL,3
ENDIJS,3
ENNIS,3
ENRIQUE,3
EPHRAM,3
EPHREM,3
ERHAN,3
ERIKO,3
ERIND,3
ERLANDAS,3
ERLIS,3
ERNESTAS,3
ERROLL,3
ERSIN,3
ERVINAS,3
ERWIN,3
ESAAM,3
ESER,3
ESROM,3
ESSEY,3
ESSIEN,3
ESTEBAN,3
EUGENIO,3
EVIN,3
EVYN,3
EZEQUIEL,3
FAHED,3
FAIQ,3
FAIYAZ,3
FAIZAL,3
FALLON,3
FARAI,3
FAROUK,3
FATIH,3
FAWZAN,3
FAYYAD,3
FAYYAZ,3
FERENC,3
FESTUS,3
FILIPPOS,3
FINBARR,3
FINNICK,3
FORBES,3
FORD,3
FRANCOIS,3
FREDI,3
FREEMAN,3
FRIEDRICH,3
FYNLAY,3
GABOR,3
GABRIAL,3
GANESH,3
GASPAR,3
GAUTAM,3
GAUTHAM,3
GEORDIE,3
GEORG,3
GEORGE-JAMES,3
GERAINT,3
GERGO,3
GERRY,3
GETHYN,3
GHALIB,3
GHAZI,3
GIL,3
GIO,3
GIORGI,3
GJERGJ,3
GLEN,3
GOBIND,3
GOLDEN,3
GOWTHAM,3
GRADY,3
GREAT,3
GREYSEN,3
GUILLAUME,3
GURDAS,3
GURDIT,3
GURMAAN,3
GURSAHEJ,3
GURSHAN,3
HABIL,3
HADDON,3
HADID,3
HADRIAN,3
HADRIEL,3
HAI,3
HAIDER-ALI,3
HALIM,3
HALIT,3
HALLAM,3
HANEEF,3
HANIF,3
HANNAN,3
HANNIEL,3
HANZALA,3
HARALD,3
HARESH,3
HARJAS,3
HARLEY-JAE,3
HARLEY-LEE,3
HARON,3
HARRISH,3
HARROOP,3
HARRY-JAY,3
HARRY-JOHN,3
HARSHAAN,3
HARSHIL,3
HARVEE,3
HARVEY-GEORGE,3
HASIB,3
HASIM,3
HAVAL,3
HAYDAN,3
HAYES,3
HEDD,3
HEMIL,3
HENRY-JOHN,3
HENRY-LEE,3
HERCULES,3
HET,3
HETANSH,3
HEZRON,3
HILAL,3
HIRO,3
HOPE,3
HOSEA,3
HRIDAAN,3
HRIDAY,3
HUBERTAS,3
HUDAYFAH,3
HUDHAIFA,3
HUMAYD,3
HUMPHRY,3
HUNTER-RAY,3
HURAIRA,3
IARLA,3
IBUKUNOLUWA,3
IDAN,3
IDRISS,3
IFEANYI,3
IFEANYICHUKWU,3
IKECHUKWUKA,3
IKHLAS,3
IMAN,3
INAAM,3
INDIO,3
INDRA,3
IOANE,3
IOSUA,3
IRAH,3
IRVIN,3
IS-HAAQ,3
ISAAC-LEE,3
ISAM,3
ISHAR,3
ISMA'EEL,3
ISMA'IL,3
ISMET,3
ISSAH,3
ITAMAR,3
ITHIEL,3
IVAYLO,3
IWO,3
IZACK,3
IZZAT,3
IZZY,3
J-JAY,3
JABE,3
JACINTO,3
JACKSON-LEE,3
JACOB-JOSEPH,3
JACOPO,3
JAGDEEP,3
JAHKAI,3
JAILON,3
JAISON,3
JALAL,3
JAMISON,3
JAREK,3
JARLATH,3
JARRELL,3
JASIEL,3
JASKARAN,3
JASMEET,3
JAVAN,3
JAVEN,3
JAVON,3
JAXON-JOHN,3
JAY-JUNIOR,3
JAYCEE,3
JAYON,3
JAYRAJ,3
JAYVEN,3
JEDAIAH,3
JELANI,3
JEMUEL,3
JERAHMEEL,3
JERALD,3
JERAMIAH,3
JEREMIE,3
JERSEY,3
JESHURUN,3
JESSE-JOE,3
JESUS,3
JEVON,3
JIAHAO,3
JIMMIE,3
JIMMY-LEE,3
JIRO,3
JOAKIM,3
JOCK,3
JOHAAN,3
JONATHAN-JAMES,3
JORA,3
JORDEN,3
JOSEPH-JOHN,3
JOSHUA-JUNIOR,3
JOSHUAH,3
JOSIAS,3
JOSUE,3
JUGRAJ,3
JUSTAS,3
JUVRAJ,3
KAELEB,3
KAHIL,3
KAIDON,3
KAIDYN,3
KAIM,3
KAIOH,3
KAIRAN,3
KAIREN,3
KAIRYN,3
KAIYA,3
KALAM,3
KALANI,3
KALMAN,3
KAMALI,3
KAMARL,3
KANWAR,3
KANYE,3
KARANDEEP,3
KARANVIR,3
KAREL,3
KARLIS,3
KARLO,3
KARSEN,3
KARTEL,3
KASIAN,3
KASPARAS,3
KASSIDY,3
KAVARNI,3
KAY,3
KAYCE,3
KAYDE,3
KAYDEN-JOHN,3
KAYLAB,3
KAYLN,3
KAYLUB,3
KAYSER,3
KAYTON,3
KEELEN,3
KEGAN,3
KEIDEN,3
KEIGAN,3
KEMARI,3
KENAI,3
KENLEE,3
KENNIE,3
KENON,3
KENZIE-JAY,3
KENZY,3
KEVAL,3
KEVON,3
KHALAM,3
KHALEEQ,3
KHAWAJA,3
KHAYAL,3
KHRISTIAN,3
KHYREE,3
KHYRON,3
KIARNO,3
KIDUS,3
KIKO,3
KIM,3
KINGSLEIGH,3
KIRILLS,3
KITAI,3
KITSON,3
KIYANSH,3
KLAVS,3
KLEVIS,3
KNIGHT,3
KOBEE,3
KODEN,3
KOJI,3
KOLOS,3
KONAN,3
KORBYN,3
KOUSHIK,3
KOVAN,3
KRASIMIR,3
KRIS,3
KRISHANG,3
KRISHAY,3
KRISTAPS,3
KRISTIYAN,3
KRIT,3
KRUM,3
KRYSTOF,3
KUDUS,3
KUMAIL,3
KUSHAGRA,3
KUSHAL,3
KWESI,3
KY'MANI,3
KYELAN,3
KYLON,3
KYREESE,3
KYRESE,3
KYRIAKOS,3
KYRIAN,3
KYRON-JAMES,3
LAHAN,3
LAINE,3
LAITYN,3
LARKIN,3
LARSON,3
LATHEN,3
LAURENT,3
LAVAND,3
LAVELLE,3
LAWA,3
LAWAN,3
LAWEN,3
LAWIE,3
LAWTON,3
LAYDEN,3
LAYKEN,3
LAYLAN,3
LAYSON,3
LAYTON-LEE,3
LEANDER,3
LEANDROS,3
LEDIO,3
LEEGAN,3
LEHAT,3
LEIGHTON-JAMES,3
LENY,3
LEO-JOHN,3
LEONDRE,3
LEOS,3
LESTER,3
LEUL,3
LEVEN,3
LEVII,3
LEWIS-JUNIOR,3
LEWY,3
LEXON,3
LEYLAN,3
LIAS,3
LINAS,3
LINKON,3
LOCHLAINN,3
LOCHLEN,3
LOCKLYN,3
LOGUN,3
LOHITH,3
LOK,3
LORIEN,3
LORNE,3
LOTFI,3
LOUAY,3
LOUIS-JAMES,3
LOVELLE,3
LUCAS-JAY,3
LUCAS-JOHN,3
LUDOVICO,3
LUDWIK,3
LUKE-JUNIOR,3
LYAM,3
MAANAV,3
MAHAAN,3
MAHBEER,3
MAHBIR,3
MAHD,3
MAHFUZ,3
MAHMUT,3
MAKARIOS,3
MALI,3
MALIKAI,3
MALVIN,3
MAN,3
MANPREET,3
MANU,3
MARCEAU,3
MARLEY-JAMES,3
MARLEY-JOE,3
MARQUEZ,3
MARSHALL-LEE,3
MARTON,3
MARWAAN,3
MASON-LEIGH,3
MASROOR,3
MASRUR,3
MATAEO,3
MATAI,3
MATISS,3
MATTHEUS,3
MAVEN,3
MAXIMILLION,3
MAXON,3
MAXSON,3
MAYANK,3
MAYER,3
MCKENZI,3
MCKENZIE-LEE,3
MENDEL,3
MESHILEM,3
MESSI,3
MICHAI,3
MICHELE,3
MIDAS,3
MIKKO,3
MILEN,3
MIN,3
MING,3
MIO,3
MIREN,3
MITKO,3
MOAAD,3
MOAZ,3
MOEZ,3
MOHAK,3
MOHAMMAD-MUSTAFA,3
MOHAMMED-DEEN,3
MOHAMMED-ZAKARIYA,3
MOHAMUD,3
MOHD,3
MOHIB,3
MOKSH,3
MONTAGU,3
MORRIE,3
MORTEN,3
MOSIAH,3
MOSS,3
MOTIEJUS,3
MOTTEL,3
MUBIN,3
MUDASIR,3
MUDASSAR,3
MUEEZ,3
MUHAB,3
MUHAMMAD-ABDULLAH,3
MUHAMMAD-ADAM,3
MUHAMMAD-AYAAN,3
MUHAMMAD-DEEN,3
MUHAMMAD-HAMZA,3
MUHAMMAD-ISA,3
MUHAMMAD-ISMAIL,3
MUHAMMAD-MUSTAFA,3
MUHAMMAD-RAYYAN,3
MUHAMMAD-UZAIR,3
MUHAMMAD-YAHYA,3
MUHAMMAD-ZAYN,3
MUHIB,3
MUJIB,3
MUKUL,3
MUNASHE,3
MUNESU,3
MURSAL,3
MUSAA,3
MUSAWER,3
MUSTAFAA,3
MUSTHAFA,3
MYAN,3
NABHAN,3
NAETOCHUKWU,3
NAHI,3
NAHUM,3
NAITIK,3
NAJIB,3
NAKAI,3
NALY,3
NAMAN,3
NAMO,3
NASSIM,3
NATANEL,3
NAVID,3
NAWFAL,3
NAWID,3
NAYEM,3
NAYLOR,3
NAZIM,3
NECTARIE,3
NEDW,3
NEIDAS,3
NEIRIN,3
NEITAS,3
NESTOR,3
NEVILLE,3
NEWTON,3
NEYO,3
NGUYEN,3
NICOLAAS,3
NIEL,3
NIHAN,3
NII,3
NIKITAS,3
NIKKO,3
NILAN,3
NIRVAN,3
NIYAZ,3
NNAEMEKA,3
NOAH-JAY,3
NOAH-JOHN,3
NOMAAN,3
NOUH,3
NOUMAN,3
NOUR,3
NOYAN,3
NUMAAN,3
NUMAN,3
NURADIN,3
NUWAIR,3
NYAH,3
OBALOLUWA,3
OBY,3
OCTAVIO,3
OCTAVIUS,3
OGHENETEGA,3
OKECHUKWU,3
OLAOLUWA,3
OLASUBOMI,3
OLATUNJI,3
OLUWADAMILOJU,3
OLUWADUROTIMI,3
OLUWAFERANMI,3
OLUWAKAYODE,3
OLUWAROTIMI,3
OLUWATAMILORE,3
OLUWATOMIWA,3
OMARIO,3
OMARION,3
OMOTAYO,3
OMRAN,3
ONDREJ,3
OREST,3
ORFEAS,3
ORHAN,3
ORLIN,3
ORRAN,3
ORRIE,3
OSBOURNE,3
OSCAR-JAI,3
OSCAR-THOMAS,3
OSHER,3
OSSIAN,3
OSWIN,3
OTNIEL,3
OTO,3
OTSO,3
OZKAN,3
PA,3
PAARTH,3
PAISLEY,3
PARAS,3
PARMEET,3
PAULIE,3
PAVLE,3
PAX,3
PAXTON,3
PELAYO,3
PEREGRIN,3
PETROS,3
PIR,3
PRABHGUN,3
PRABHVIR,3
PRANIT,3
PRANITH,3
PRANSHU,3
PRATHAM,3
PRESLAV,3
PRIAM,3
PRINCETON,3
PRITHVI,3
QASSIM,3
QAZI,3
QUILLAN,3
QUINCEY,3
QUINTIN,3
RAAYAN,3
RADOMIR,3
RADVIN,3
RAE,3
RAEGAN,3
RAFEE,3
RAFEL,3
RAFF,3
RAFFY,3
RAHAT,3
RAHIEM,3
RAIN,3
RAITH,3
RAIYAAN,3
RALPHY-LEE,3
RAMAZAN,3
RAMEL,3
RAMIN,3
RANDY,3
RANELL,3
RANJOT,3
RARESH,3
RASAN,3
RAVIN,3
RAVJOT,3
RAWEN,3
RAYEES,3
RAYIRTH,3
RAYNE,3
RAYON,3
RAZA,3
RAZI,3
REECE-JUNIOR,3
REFOEL,3
REG,3
REGGI,3
REI,3
REIKO,3
REMAI,3
REMIGIUSZ,3
RENALDAS,3
RENEL,3
RENLEY,3
RENNIE,3
REVAN,3
REVE,3
REWAN,3
REYON,3
RHEMA,3
RHEON,3
RHILEY,3
RHIYAN,3
RHUN,3
RHYLEY,3
RHYTHM,3
RICHARDO,3
RICOH,3
RIFAT,3
RIHARDS,3
RIKKI,3
RILEY-GEORGE,3
RILEY-JOHN,3
RINGO,3
RIO-JAMES,3
RIYAAD,3
RIYANSH,3
RIZA,3
RIZWAAN,3
ROBERTAS,3
ROBI,3
ROBYN,3
ROCH,3
ROCKIE,3
RODERICK,3
ROI,3
ROMAN-JAMES,3
ROMAN-LEE,3
ROMANN,3
ROMEL,3
ROMELL,3
ROMELO,3
RONIT,3
RONNI,3
RONNIE-GEORGE,3
ROONEY,3
ROOP,3
RORY-JAY,3
ROSHAUN,3
ROURKE,3
ROYSTON,3
RUBEN-JAMES,3
RUBIO,3
RUDYARD,3
RUEBEN-JAMES,3
RUEL,3
RUMAAN,3
RUNE,3
RYAD,3
RYDAL,3
RYE,3
RYO,3
SAAHIR,3
SAAMI,3
SAAMIR,3
SAARIM,3
SAATHVIK,3
SADIK,3
SAFI,3
SAGE,3
SAHAJDEEP,3
SAHAND,3
SAHIN,3
SAJAD,3
SAJJAD,3
SAJMON,3
SAKI,3
SALADIN,3
SAMARVIR,3
SAMBHAV,3
SAMIK,3
SAMIM,3
SAMIT,3
SAMIUR,3
SAMRAAJ,3
SAMRATH,3
SANAD,3
SANDER,3
SANJAY,3
SANJITH,3
SANTI,3
SANUSI,3
SARAN,3
SAROSH,3
SAVRAJ,3
SAVYA,3
SAYF,3
SAYON,3
SEHEJ,3
SEIF,3
SEKOU,3
SEMIH,3
SENON,3
SERAFIN,3
SERAJ,3
SERGEY,3
SERGIU,3
SERIGNE,3
SEYON,3
SHAHIR,3
SHAHWAIZ,3
SHAHZAD,3
SHAHZADA,3
SHAIDEN,3
SHAIKH,3
SHAKIEL,3
SHAMEEL,3
SHAREEF,3
SHARVIL,3
SHAUL,3
SHAYON,3
SHAZIL,3
SHEMAR,3
SHERIFF,3
SHIFAN,3
SHRAGA,3
SHRAGI,3
SHRAY,3
SHREYANSH,3
SHUBHAM,3
SHURAIM,3
SIAM,3
SIDHARTH,3
SIKANDAR,3
SILVIU,3
SIMBA,3
SIMONE,3
SIRAC,3
SMITH,3
SOHAIB,3
SRI,3
SRIHAN,3
STANLEY-JAMES,3
STAR,3
STEPHANE,3
STEPHANOS,3
SUJAY,3
SURAFEL,3
SUYEN,3
SWAYAM,3
SWAYLEY,3
SYRUS,3
TAAHA,3
TAFADZWA,3
TAHEEM,3
TAIGA,3
TAIGAN,3
TAIMOOR,3
TAJVEER,3
TAKUDZWA,3
TAKUMI,3
TALAL,3
TALAN,3
TAMAY,3
TAMER,3
TAMJEED,3
TANER,3
TANMAY,3
TANUJ,3
TANZEEL,3
TAREK,3
TAREN,3
TAREQ,3
TARRAN,3
TAU,3
TAURAS,3
TAVIS,3
TAYLA,3
TAYSON,3
TAYTEN,3
TEDDY-JACK,3
TEIFI,3
TERRANCE,3
TERRY-JUNIOR,3
TESTIMONY,3
THADY,3
THAI,3
THAINE,3
THEO-GEORGE,3
THEO-JACK,3
THEODORE-JAMES,3
THIAN,3
THIBAULT,3
THOMAS-HENRY,3
THOMAS-JAY,3
THOMAS-LEE,3
TIMO,3
TIMON,3
TINO,3
TJAY,3
TOMA,3
TOMI-LEE,3
TOMMY-J,3
TOMMY-JACK,3
TOMMY-RAY,3
TONY-JUNIOR,3
TOR,3
TORRAN,3
TRAE,3
TREMAYNE,3
TRISTYN,3
TRIUMPH,3
TYGA,3
TYLER-JAI,3
TYLER-RAY,3
TYR,3
TYREESE,3
TYREN,3
TYRIAN,3
UDHAM,3
ULAS,3
UNAI,3
URI,3
USAID,3
USAMA,3
USAMAH,3
UWAIS,3
UWAYS,3
UYIOSA,3
VADIM,3
VAISHNAV,3
VIET,3
VIKRANT,3
VINCENTAS,3
VIR,3
VISHESH,3
VLADISLAV,3
VRISHANK,3
WAYDE,3
WEI,3
WEST,3
WILBERT,3
WILFIE,3
WILHELM,3
WYLIE,3
YAASEEN,3
YACQUB,3
YAKSH,3
YAKUP,3
YANNICK,3
YAQEEN,3
YAQOUB,3
YASSIR,3
YAVOR,3
YECHIEL,3
YEGOR,3
YIDEL,3
YILMAZ,3
YITZCHAK,3
YOHANN,3
YONA,3
YOSIF,3
YOU,3
YOUNAS,3
YUGAN,3
YUSHUA,3
YUVEN,3
YUVIN,3
ZACHARI,3
ZACHARIE,3
ZACHARYA,3
ZACKARIYAH,3
ZAHI,3
ZAINUL,3
ZAIRE,3
ZAKIAH,3
ZAKRIYA,3
ZAKY,3
ZAMEER,3
ZAMIL,3
ZAYLEN,3
ZAYON,3
ZEEDAN,3
ZEKAI,3
ZEKIAH,3
ZENO,3
ZENON,3
ZEPH,3
ZHENG,3
ZIKORA,3
ZIYA,3
ZOHAN,3
ZORA,3
ZUBEYR,3
ZULFIQAR,3
ZYLUS,3