AMELIA,5158
OLIVIA,4853
EMILY,3893
ISLA,3474
AVA,3414
ELLA,3028
JESSICA,2937
ISABELLA,2876
MIA,2842
POPPY,2816
SOPHIE,2779
SOPHIA,2744
LILY,2711
GRACE,2658
EVIE,2529
SCARLETT,2285
RUBY,2215
CHLOE,2158
ISABELLE,2119
DAISY,2113
FREYA,2090
PHOEBE,2081
FLORENCE,2053
ALICE,2006
CHARLOTTE,1951
SIENNA,1941
MATILDA,1774
EVELYN,1770
EVA,1753
MILLIE,1673
SOFIA,1640
LUCY,1525
ELSIE,1513
IMOGEN,1478
LAYLA,1428
ROSIE,1403
MAYA,1354
ESME,1340
ELIZABETH,1338
LOLA,1322
WILLOW,1308
IVY,1275
ERIN,1249
HOLLY,1248
EMILIA,1243
MOLLY,1215
ELLIE,1185
JASMINE,1182
ELIZA,1171
LILLY,1146
ABIGAIL,1131
GEORGIA,1115
MAISIE,1113
ELEANOR,1105
HANNAH,1090
HARRIET,1089
AMBER,1085
BELLA,1020
THEA,1020
ANNABELLE,1017
EMMA,1017
AMELIE,992
HARPER,980
GRACIE,944
ROSE,926
SUMMER,906
MARTHA,868
VIOLET,854
PENELOPE,832
ANNA,825
NANCY,817
ZARA,799
MARIA,768
DARCIE,759
MARYAM,754
MEGAN,739
DARCEY,737
LOTTIE,712
MILA,692
HEIDI,683
LEXI,678
LACEY,676
FRANCESCA,661
ROBYN,650
BETHANY,648
JULIA,640
SARA,612
AISHA,610
DARCY,606
ZOE,606
CLARA,605
VICTORIA,604
BEATRICE,601
HOLLIE,589
ARABELLA,585
SARAH,581
MADDISON,577
LEAH,575
KATIE,565
ARIA,562
ELOISE,559
IRIS,558
LYDIA,550
FAITH,549
MOLLIE,544
ORLA,539
BROOKE,537
PAIGE,531
NIAMH,525
ISABEL,518
FELICITY,517
MADISON,517
ISOBEL,516
MYA,515
SKYE,502
ALEXANDRA,500
AMY,497
FATIMA,495
ANNIE,492
BONNIE,482
LYLA,481
EDITH,480
ARIANA,476
ESMAE,463
LARA,462
NEVAEH,456
ANAYA,452
TILLY,449
SAVANNAH,447
LUNA,439
EDEN,432
SEREN,428
AALIYAH,426
LENA,421
BETSY,420
AURORA,417
GABRIELLA,417
PIPPA,406
SKYLA,401
REBECCA,398
ALEXIS,397
ZAINAB,392
AYLA,390
HOPE,381
LAURA,380
ELENA,379
FRANKIE,376
AUTUMN,368
ZAHRA,361
EDIE,358
LILLIE,358
LOIS,357
CONNIE,356
ANNABEL,352
ESTHER,352
HANNA,347
NATALIA,346
NAOMI,344
KEIRA,341
CAITLIN,340
EVE,338
ELODIE,336
NICOLE,336
ZUZANNA,333
AMAYA,332
DELILAH,330
AOIFE,325
MARNIE,322
INAAYA,320
LILIANA,320
LIBBY,318
ANYA,316
MADELEINE,315
MAJA,315
ALEXA,314
OLIVE,312
LEILA,311
LAILA,307
ALICIA,306
LAUREN,304
LUCIA,303
MYLA,302
PENNY,301
ROSA,301
ESMEE,300
KHADIJA,294
ADA,293
AMINA,293
SADIE,292
ALYSSA,291
ELISE,289
ALIZA,280
ARYA,280
APRIL,278
EMELIA,275
AYESHA,274
MARIAM,274
TABITHA,274
ALISHA,272
ALEENA,271
ELLA-ROSE,269
INDIA,268
KHADIJAH,267
NINA,267
MAGGIE,263
HALLIE,262
AIZAH,258
BEATRIX,258
SKYLAR,258
AMELIA-ROSE,257
AMIRA,257
GEORGINA,257
JEMIMA,255
SCARLET,245
NADIA,244
MABEL,243
NEVE,242
ZOYA,241
HAZEL,238
LEXIE,237
MAIA,237
LANA,235
LYRA,235
JENNIFER,230
MELISSA,230
MACIE,227
ALANA,223
ANGEL,222
SAFA,220
GEORGIE,219
PIPER,219
YASMIN,219
EMMIE,216
LILA,214
CORA,213
POLLY,209
ZOFIA,209
EMILIE,208
JOSEPHINE,208
PEARL,207
TIA,207
CLEO,206
KAYLA,205
TALIA,205
JESSIE,203
ANASTASIA,201
LILY-ROSE,201
CARA,200
BEAU,198
ELIANA,198
HALLE,198
MARY,198
ARIANNA,197
OPHELIA,197
ALEXIA,195
CONSTANCE,195
FAYE,195
DOLLY,194
PRIMROSE,192
ALICJA,191
FLEUR,191
ELSA,190
CATHERINE,187
GABRIELA,187
HATTIE,187
KATHERINE,187
LILY-MAE,187
BELLE,186
MELODY,185
MADDIE,183
NOOR,181
RACHEL,179
ALBA,178
ANTONIA,178
LILAH,178
MAISY,178
MARGOT,178
AMARA,177
INDIE,176
VANESSA,176
DIANA,174
NATALIE,173
AIZA,171
ZAYNAB,171
PEYTON,170
ANAYAH,169
EVANGELINE,169
SYEDA,169
INAYAH,168
TAYLOR,167
LILLIAN,165
LILLY-MAE,165
FFION,164
EBONY,163
HONEY,162
ANA,161
MINNIE,161
AUDREY,160
HAFSA,160
ALIYAH,159
AMINAH,159
HELENA,159
MICHELLE,159
SAMANTHA,159
FLORA,158
NORA,158
LUCIE,157
NELLIE,157
MIRIAM,156
JOSIE,155
ISLA-ROSE,154
AURELIA,153
LILLY-ROSE,152
AVA-ROSE,150
CLAUDIA,150
NIA,148
PHILIPPA,148
KITTY,147
KYRA,147
HANIYA,146
MACEY,146
VALENTINA,146
CAITLYN,145
TALLULAH,145
DEMI,144
HANA,144
NYLA,144
DESTINY,143
TIANA,143
SYDNEY,142
AMIRAH,141
ANNABELLA,141
VERITY,141
AGNES,140
ANAIS,140
FATIMAH,140
LOUISA,140
NELL,140
ROSALIE,140
ATHENA,139
IYLA,139
LACIE,139
DOROTHY,138
EFFIE,138
ABBIE,137
KAITLYN,137
LIVIA,137
SAPPHIRE,137
BETTY,135
ERICA,134
PIXIE,134
AIMEE,133
CERYS,133
ELLIE-MAE,133
IQRA,133
NICOLA,133
ALINA,132
ARIELLA,132
HARMONY,132
INAYA,132
IDA,131
IZABELLA,131
CASEY,130
AAMINAH,129
LEELA,126
IMAAN,125
SKYLER,125
ETTA,123
GRACIE-MAE,123
KIERA,123
STEPHANIE,123
ELISA,121
FEARNE,121
IONA,121
MILEY,121
OLIWIA,121
CALLIE,120
LILIA,120
MADELINE,120
MILLY,120
PRIYA,120
SASHA,120
SYLVIE,120
ELLEN,119
MYAH,119
NIKOLA,119
PAISLEY,119
ALAYNA,118
ALESSIA,118
GABRIELLE,118
LILLY-MAY,118
STELLA,118
KATE,117
SAFAA,117
BELLA-ROSE,116
CLEMENTINE,116
EMMELINE,116
HALIMA,116
KIARA,116
HENRIETTA,115
WREN,115
BETHAN,113
JOANNA,113
NATASHA,113
AYA,112
ALEKSANDRA,111
CARYS,111
LIBERTY,111
LIYANA,111
RIVER,110
OTTILIE,109
ANNALISE,108
JADE,108
ELA,107
HARLEY,107
MARLEY,107
LOUISE,106
RIA,106
SERENA,106
TIFFANY,106
HARLOW,105
QUINN,105
DANIELLA,104
ELLA-MAE,104
GENEVIEVE,104
HAFSAH,104
YUSRA,104
BROOKLYN,103
NYLAH,103
REEVA,103
VIVIENNE,103
AUBREE,102
BILLIE,102
EMMY,102
EVERLY,102
NIEVE,102
AMEERA,101
KHLOE,101
NEAVE,101
DIYA,100
AYAH,99
MIA-ROSE,99
MIYA,99
BETH,98
KAYA,98
MACY,98
POLA,98
MARWA,97
ALESHA,96
DARIA,96
NELLY,96
SIMRAN,96
SUMAYYAH,96
TEGAN,96
CHARLIE,95
CHELSEA,95
COURTNEY,95
ELLIE-MAY,95
JENNA,95
RUTH,95
ALEEZA,94
AYANA,94
DANIELLE,94
ERIKA,94
FRANCES,94
KARA,94
ADRIANA,93
CIARA,93
LEIA,93
LEYLA,93
MILANA,93
MILENA,93
JANNAT,92
NORAH,92
AMANDA,91
AVA-GRACE,91
CAMILLA,91
ANGELINA,90
ASHLEIGH,90
AVA-MAE,90
BLOSSOM,90
JASMIN,90
KARINA,90
LILY-MAY,90
MAE,90
SALMA,90
AMIYAH,89
CHARLEY,89
CHRISTINA,89
JULIET,89
SCARLETT-ROSE,89
BIANCA,88
CECILIA,88
KYLA,88
MARGARET,88
ALYSSIA,87
DAPHNE,87
RAYA,87
SANA,87
AILA,86
DAKOTA,86
ERYN,86
FERN,86
POPPIE,86
SAFIYYAH,86
TAMARA,86
TIANNA,86
ASIYA,85
EMAAN,85
EVIE-ROSE,85
OLIVIA-ROSE,85
ESHAAL,84
ESMAI,84
MEADOW,84
RUQAYYAH,84
TILLIE,84
AMALIA,83
ELIF,83
EMILY-ROSE,83
ESMAY,83
HAREEM,83
HETTIE,83
MANHA,83
RENEE,83
ALIYA,82
BRIANNA,82
DOLCIE,82
HALEEMA,82
LILLIE-MAE,82
NOVA,82
ORLAITH,82
ALANNAH,81
ANIYAH,81
ASTRID,81
HAYLEY,81
JULIETTE,81
MILLICENT,81
SHANAYA,81
ANAIYA,80
AUBREY,80
EVIE-MAE,80
LILI,80
MALI,80
MYRA,80
RILEY,80
SABRINA,80
SIENNA-ROSE,80
WIKTORIA,80
ALISA,79
EIRA,79
HERMIONE,79
INDIANA,79
INDIGO,79
ISOBELLE,79
LEA,79
MALAIKA,79
SAOIRSE,79
SIENA,79
VERONICA,79
CRYSTAL,78
DAISY-MAE,78
KIRA,78
TARA,78
ELIN,77
LIA,77
MAIRA,77
OCTAVIA,77
SAFIYA,77
ALIVIA,76
ANGELA,75
AYSHA,75
FREYJA,75
GRACIE-MAY,75
PARIS,75
RHEA,75
THEIA,75
ADELAIDE,74
ALANNA,74
JUNO,74
LILIAN,74
MARCIE,74
RIYA,74
KENDALL,73
NOLA,73
AANYA,72
ADELE,72
ALYS,72
AYAT,72
GRETA,72
IVY-ROSE,72
LACEY-MAE,72
LAYLA-ROSE,72
PRINCESS,72
TAHLIA,72
ARIYA,71
EADIE,71
KACIE,71
KELSEY,71
SASKIA,71
SUMMER-ROSE,71
ZOEY,71
AARYA,70
AMAL,70
AMEERAH,70
AMNA,70
PEGGY,70
EMILIJA,69
MEREDITH,69
ALMA,68
ANABELLE,68
ANIKA,68
CARMEN,68
CASSIE,68
ELISSA,68
KATY,68
KHALEESI,68
LINA,68
ROXANNE,68
WINNIE,68
AYDA,67
KATELYN,67
LOLA-ROSE,67
MAEVE,67
MICHAELA,67
AMAYAH,66
ELLE,66
HAWA,66
ISRA,66
KAROLINA,66
KLARA,66
MILLIE-ROSE,66
NOA,66
PHOENIX,66
ROWAN,66
RUMAYSA,66
YASMINE,66
AMANI,65
CECILY,65
FARAH,65
RONNIE,65
ROSANNA,65
SAFFRON,65
ADELINE,64
KAYLEIGH,64
LAIBA,64
MAY,64
ROISIN,64
THALIA,64
DAISY-MAY,63
DUA,63
ELISABETH,63
HIBA,63
JAYA,63
NYAH,63
SYLVIA,63
ALIA,62
CARLA,62
DOTTIE,62
ELISHA,62
EMA,62
EVALYN,62
LIANA,62
RANIA,62
TESSA,62
ZAYNAH,62
AGATHA,61
ANTONINA,61
AYRA,61
COCO,61
ELSIE-MAE,61
GWEN,61
JORGIE,61
JOY,61
ALISSA,60
CAROLINE,60
ELLA-LOUISE,60
IMAN,60
LILLIA,60
MARINA,60
MORGAN,60
RAVEN,60
RUBY-MAE,60
SUMAYA,60
TESS,60
WINTER,60
AAMINA,59
CASSIDY,59
DEBORAH,59
HUMAIRA,59
INES,59
ISLA-MAE,59
ROSEMARY,59
SAVANNA,59
SKY,59
TRINITY,59
ELLIE-MAI,58
JANNAH,58
KACEY,58
LEONA,58
MINAHIL,58
PRECIOUS,58
ANDREA,57
CAOIMHE,57
HARPER-ROSE,57
KORNELIA,57
MACI,57
MAHNOOR,57
AISHAH,56
AMALIE,56
ASHLEY,56
AYVA,56
CHIARA,56
DANIELA,56
HARRIETT,56
HEATHER,56
KEZIAH,56
MELANIE,56
MIRA,56
RAE,56
SELENA,56
THEODORA,56
ANGELICA,55
AVERY,55
BAILEY,55
MIAH,55
NUSAYBAH,55
RENAE,55
SHANNON,55
SINEAD,55
SORAYA,55
GEORGIANA,54
KLAUDIA,54
SHREYA,54
XANTHE,54
ADDISON,53
ASMA,53
BRIDGET,53
EVELINA,53
HELEN,53
INDI,53
KIMBERLEY,53
MALIHA,53
MARTA,53
RITA,53
AIDA,52
AIYLA,52
ANISA,52
AVNEET,52
DAISIE,52
DARCI,52
ENYA,52
LILLIE-ROSE,52
LISA,52
MAIYA,52
MATHILDA,52
ROBIN,52
RUBY-ROSE,52
SHELBY,52
ZAINA,52
AKIRA,51
ALLEGRA,51
AMELIA-GRACE,51
BOBBIE,51
ESHAL,51
FLORRIE,51
HARLEEN,51
LAVINIA,51
LEXI-MAE,51
MAISEY,51
OCEAN,51
ROMY,51
SHAYLA,51
TANISHA,51
TAYLA,51
AQSA,50
AVANI,50
BIANKA,50
CELESTE,50
DULCIE,50
ISHA,50
JOCELYN,50
MATYLDA,50
NALA,50
PAYTON,50
REMI,50
UNA,50
ANANYA,49
GRACIE-MAI,49
ISABELLA-ROSE,49
MINA,49
PATRICIA,49
REBECA,49
TAYA,49
AMBER-ROSE,48
CHRISTINE,48
ELSPETH,48
HUSNA,48
IMANI,48
JANA,48
JAZMINE,48
KAIA,48
LILLY-MAI,48
MONICA,48
RAHMA,48
SAARAH,48
SAMARA,48
SONIA,48
VIKTORIA,48
EFA,47
FARRAH,47
GIULIA,47
KATHLEEN,47
NELA,47
PERSEPHONE,47
ROXY,47
STEVIE,47
TEAGAN,47
WERONIKA,47
BLANKA,46
ELAINA,46
ELERI,46
ESHA,46
GLORIA,46
HONOR,46
ISOBELLA,46
JAZMIN,46
MEGHAN,46
NAHLA,46
SANDRA,46
SELINA,46
ABBY,45
ALARA,45
ALISSIA,45
DANA,45
ELLIE-ROSE,45
ELOUISE,45
EVA-ROSE,45
HETTY,45
KATHRYN,45
LEONIE,45
LILIANNA,45
MARA,45
MARNI,45
SIA,45
AAIRAH,44
CAMILLE,44
CAROLINA,44
DAHLIA,44
ELENI,44
ELLA-MAY,44
GEMMA,44
HADIYA,44
KAIRA,44
KIANA,44
LORELEI,44
NANCIE,44
RUBIE,44
SAFIA,44
WINIFRED,44
BLESSING,43
CORDELIA,43
INAAYAH,43
KENDRA,43
KRISTINA,43
LOWRI,43
MARTINA,43
MARWAH,43
MELISA,43
NUALA,43
ZAHRAA,43
CALI,42
CELINE,42
ELIA,42
ELINA,42
ELLENA,42
FIONA,42
HAWWA,42
IVIE,42
IZZY,42
KAJA,42
LAYLA-MAE,42
MADIHA,42
MAIZIE,42
MARIANA,42
MARIYA,42
REBEKAH,42
SOFIJA,42
VIENNA,42
ZOHA,42
ZUNAIRAH,42
ADELINA,41
ANIYA,41
BOBBI,41
ELORA,41
EMILEE,41
ESTELLE,41
EVIE-GRACE,41
ISLA-GRACE,41
JASLEEN,41
JIYA,41
KATRINA,41
LEJA,41
LUISA,41
MENAAL,41
NEL,41
NIKITA,41
SERENITY,41
ZARAH,41
AASIYAH,40
ANNABELL,40
CADI,40
CASSANDRA,40
HUDA,40
IZABELA,40
KELSIE,40
MARLIE,40
MERRYN,40
MIYAH,40
NERIAH,40
ROMILLY,40
VIVIAN,40
YARA,40
ANDREEA,39
ARLA,39
ARWEN,39
ASHA,39
EMMANUELLA,39
EVIE-MAY,39
EZMAE,39
HAJRA,39
IGA,39
KHADEEJAH,39
LIYA,39
MARIE,39
MARIYAH,39
PALOMA,39
PAULA,39
ROSALIND,39
SAIRA,39
SHANIA,39
SOFIE,39
ANWEN,38
ARISHA,38
ARISSA,38
AROUSH,38
BRONTE,38
CARLY,38
CELIA,38
DIXIE,38
ELSIE-ROSE,38
GIA,38
INARA,38
JIA,38
KOURTNEY,38
KRYSTAL,38
LEENA,38
LORENA,38
LORNA,38
OLIVIA-GRACE,38
RUMAISA,38
SAARA,38
SKYLAH,38
SOPHIA-ROSE,38
SUMAYYA,38
AMELIA-LILY,37
ARWA,37
ASIA,37
AYAANA,37
CHAYA,37
DARCIE-MAE,37
ELINOR,37
ELLA-GRACE,37
FRIDA,37
HAYA,37
KIMBERLY,37
LILITH,37
LILLIANA,37
LUCIANA,37
LULA,37
MARIELLA,37
ROZA,37
SUKHMANI,37
TEIGAN,37
AMANAH,36
ANIELA,36
ARIELLE,36
CHANEL,36
CLAIRE,36
DARLA,36
DEMI-LEIGH,36
DINA,36
EMME,36
ENID,36
HIBBA,36
KAITLIN,36
KAMILA,36
KEELEY,36
KEEVA,36
LILY-MAI,36
MAHI,36
MANAHIL,36
MARTYNA,36
POPPY-MAE,36
SAMIRA,36
STAR,36
ZAARA,36
AGATA,35
ALISHBA,35
ANABIA,35
ANASTAZJA,35
ANNIKA,35
ARIEL,35
EILIDH,35
ELOWEN,35
FERNE,35
GABIJA,35
INGRID,35
IZABELLE,35
JORJA,35
KENZIE,35
LACEY-MAY,35
LEXI-MAY,35
LYLAH,35
MARIAH,35
MERCEDES,35
REEM,35
RIHANNA,35
RUBY-LEIGH,35
RUBY-MAY,35
SALLY,35
TASNEEM,35
VANESA,35
ADRIANNA,34
ANOUSHKA,34
AVAYA,34
DELIA,34
ELYSIA,34
EMBER,34
FREJA,34
HALIMAH,34
JEMIMAH,34
KAMILE,34
LAILAH,34
LEILANI,34
LILY-GRACE,34
MAGDALENA,34
MALAK,34
MARISSA,34
MILAN,34
NAYA,34
PERRIE,34
RENESMEE,34
ROBERTA,34
SHARON,34
SIYA,34
SUMAIYA,34
ALAINA,33
ALIZAH,33
AMARAH,33
ANISHA,33
ANITA,33
ARIAH,33
CATRIN,33
CIENNA,33
DANIA,33
DOLLIE,33
ELSIE-MAY,33
GABRIELE,33
HABIBA,33
HAJRAH,33
JAGODA,33
JANELLE,33
KAIYA,33
LARISSA,33
MACKENZIE,33
MALIKA,33
MELINA,33
NABIHA,33
NELLA,33
NIAH,33
ROMA,33
SKYLA-ROSE,33
STEFANIA,33
STORM,33
TALIYAH,33
THEADORA,33
VALERIE,33
AAYAT,32
ALAIA,32
ALAYA,32
ALAYAH,32
ASIYAH,32
AZRA,32
DARCIE-ROSE,32
HARLEIGH,32
HIRA,32
IOANA,32
ISABELA,32
LINDA,32
LIV,32
MAHEEN,32
MARI,32
MILLIE-MAE,32
MYLAH,32
NIYAH,32
PHEOBE,32
RHIANNON,32
SAMANTA,32
SHYLA,32
SIAN,32
UMAIMA,32
VERONIKA,32
ZEYNEP,32
ABBEY,31
ADELA,31
ALEAH,31
AYLIN,31
BRYONY,31
DAVINA,31
EESHA,31
FARYAL,31
HOORAIN,31
JADA,31
JENNY,31
KACI,31
KATERINA,31
KELLY,31
LACEY-MAI,31
LEXI-MAI,31
LIDIA,31
LUELLA,31
MARCELINA,31
MONROE,31
SAKINA,31
SAMEEHA,31
TAMSIN,31
TORI,31
ZIVA,31
ALANAH,30
AUTUMN-ROSE,30
AVA-MAI,30
AVNI,30
BEATRIZ,30
CASSIA,30
CECELIA,30
DAYA,30
DEVON,30
EILIYAH,30
ELLA-MAI,30
GAIA,30
IVY-MAE,30
JUNIPER,30
KASEY,30
LAINEY,30
LAYAN,30
LOLA-MAE,30
MARIANNE,30
MARLOWE,30
MIKAYLA,30
MILLA,30
NEIVE,30
PORSHA,30
REBEKA,30
ROSEANNA,30
SAFIYAH,30
TATIANA,30
VERA,30
ABEEHA,29
AMIE,29
ANABELLA,29
ANUM,29
ANUSHKA,29
AUSTEJA,29
AVA-LEIGH,29
AVLEEN,29
BLUEBELL,29
CLARISSA,29
DAISY-MAI,29
ELLIANA,29
JAIME,29
KARIS,29
KAYLEE,29
KRISHA,29
LEILAH,29
LIEPA,29
LILLY-ANN,29
LILLY-ANNE,29
MARGO,29
MAYAH,29
MEERA,29
MONIKA,29
NAIRA,29
NANA,29
NOUR,29
PANDORA,29
PAULINA,29
RAYAN,29
SAANVI,29
SAHARA,29
TEJA,29
VIKTORIJA,29
VILTE,29
WYNTER,29
AADHYA,28
AALIYA,28
AINE,28
ALEX,28
AMELIJA,28
AMIYA,28
ANNE,28
ARIADNE,28
BRIELLE,28
CORAL,28
CRESSIDA,28
DALIA,28
EILEEN,28
ELANA,28
ELLA-RAE,28
ELYSE,28
FAIZA,28
GRACIE-LEIGH,28
HOORIA,28
ISLA-RAE,28
IVANA,28
IYLAH,28
JANE,28
KENNEDY,28
KEZIA,28
LAURIE,28
LETTIE,28
MEERAB,28
MERCY,28
MISHA,28
NADINE,28
OLIVIA-MAE,28
PRISHA,28
SCARLETTE,28
UMAIZA,28
WILLA,28
AMEENA,27
AMMARA,27
AMRIT,27
ANEESA,27
AVA-MARIE,27
AVAH,27
BLAKE,27
CORALIE,27
DENISA,27
DORA,27
ELIANNA,27
EMIE,27
EVIE-MAI,27
EZMAI,27
FALAK,27
HADLEY,27
HANIA,27
HESTER,27
HOORIYA,27
KADIE,27
LAYLAH,27
LEEN,27
LUCINDA,27
LUIZA,27
MAYSA,27
MIMI,27
ORIANA,27
ORLAGH,27
PARKER,27
RIDA,27
RIVKA,27
RUQAYYA,27
SAMA,27
SHILOH,27
SIMONA,27
TALIAH,27
UMA,27
VIVIEN,27
ZELDA,27
AAILA,26
AALIA,26
ALENA,26
AMAIA,26
ARINA,26
AYEZA,26
BESSIE,26
BRIDIE,26
BRONWYN,26
BUSHRA,26
CHANTELLE,26
DOMINIKA,26
DOTTY,26
ELYSSA,26
ETTIE,26
EVELYN-ROSE,26
EVELYNN,26
EZRA,26
FAATIMAH,26
GIORGIA,26
HADIA,26
HIBAH,26
ILYANA,26
JAMIE,26
JASMINA,26
JAYDA,26
JOANNE,26
KINGA,26
LEANNE,26
LILY-ANN,26
MAARIYAH,26
MADELYN,26
MAHA,26
MANAL,26
MARLA,26
NAILAH,26
OLA,26
PATRYCJA,26
SADIA,26
SARINA,26
SUKI,26
TERESA,26
VIOLA,26
WENDY,26
ZUNAIRA,26
ABRISH,25
ALESIA,25
ALEXANDRIA,25
ANJALI,25
ARFA,25
AVA-MAY,25
AYAAT,25
AZALEA,25
BLUEBELLE,25
CATALEYA,25
ELLIA,25
ELLIS,25
ELSI,25
FATMA,25
GWENLLIAN,25
HAILEY,25
HARLIE,25
JERSEY,25
JULIANA,25
KIKI,25
LUANA,25
MAHIRA,25
MARGAUX,25
MERYEM,25
MIKA,25
MUNTAHA,25
NEVAEH-ROSE,25
PEACHES,25
RACHAEL,25
RUHI,25
SHANIYA,25
SHIFA,25
TANYA,25
TASNIM,25
UMAYMAH,25
WILLOW-ROSE,25
ZAYNA,25
ZOSIA,25
AARNA,24
ADALYN,24
AISLING,24
ALAA,24
ALISE,24
ALISON,24
ASYA,24
BRODIE,24
CHERRY,24
CHRISTIANA,24
DANIKA,24
ELIZ,24
EMMI,24
ESMA,24
FALLON,24
HALEEMAH,24
HAVANA,24
INDIA-ROSE,24
JONI,24
JOYCE,24
LACIE-MAE,24
LILLIE-MAY,24
LIVVY,24
LYLA-ROSE,24
MAHAM,24
MALEEHA,24
MARIANNA,24
MATHILDE,24
MATILDE,24
NAIMA,24
NEEVE,24
NUR,24
PIA,24
SABINA,24
SAHAR,24
SAMIYA,24
SERAPHINA,24
SIANNA,24
SIDRA,24
STACEY,24
SUSANNA,24
TAYAH,24
TEEGAN,24
AARADHYA,23
AILSA,23
AIYANA,23
ALYA,23
AMELIA-MAE,23
AMRITA,23
ANN,23
AREEBA,23
ASRA,23
AVA-LOUISE,23
BEA,23
BIBI,23
ELISSIA,23
EMELIE,23
ESTER,23
FATEMA,23
FREYA-ROSE,23
GIANNA,23
GURLEEN,23
GURNOOR,23
HAZAL,23
INDY,23
JAMIE-LEIGH,23
JODIE,23
JULIE,23
KAREN,23
KAVYA,23
KAYCEE,23
KENDAL,23
LAUREL,23
LAYLA-MAY,23
LILLIE-MAI,23
LULU,23
MEHREEN,23
MIA-GRACE,23
MICHALINA,23
NADA,23
NAWAL,23
NOEMI,23
PETRA,23
POPPY-ROSE,23
ROXANA,23
SURAYA,23
SUSANNAH,23
TANVI,23
TINA,23
YASMINA,23
AAIMA,22
AAIRA,22
AAISHA,22
ADEENA,22
AJWA,22
ALYSIA,22
AMELIA-LILLY,22
ANABEL,22
ANNIYAH,22
ARMANI,22
AYLAH,22
AZARIAH,22
BARBARA,22
BRONWEN,22
DARCIE-RAE,22
EBONY-ROSE,22
EDEN-ROSE,22
ELOISA,22
ETHEL,22
ISADORA,22
KALINA,22
KAYCIE,22
KHUSHI,22
LEONORA,22
LORELAI,22
MADINA,22
MEDINA,22
MYSHA,22
NANSI,22
NEHA,22
NIYA,22
NOELLE,22
NUHA,22
PARI,22
POLLYANNA,22
PRISCILLA,22
RAINA,22
REYA,22
RHIA,22
ROXIE,22
RUBI,22
SABA,22
SUMAYAH,22
TALA,22
TILLY-ROSE,22
ACACIA,21
ALEESHA,21
ALTHEA,21
AMAANI,21
AMAIYA,21
AMARI,21
AMMARAH,21
ANAIYAH,21
ARABELLE,21
ARRIETTY,21
ASEEL,21
BETSIE,21
BLYTHE,21
CHARLEIGH,21
DELPHI,21
EBONIE,21
EILA,21
EMI,21
ESRA,21
ESTERA,21
GISELLE,21
HALA,21
HANEEN,21
HARRIETTE,21
IRENE,21
ISABELL,21
ISHANI,21
KARLA,21
KENZA,21
LAYLA-GRACE,21
LEONOR,21
LIBBIE,21
LILLY-GRACE,21
LOLA-GRACE,21
LOTTI,21
LOWENNA,21
MABLI,21
MANNAT,21
MILA-ROSE,21
MIRUNA,21
MOLLY-ROSE,21
RAISA,21
RAMONA,21
REET,21
SAFIYYA,21
SELMA,21
SHANZAY,21
SIMRA,21
SIYANA,21
TIARA,21
TRIXIE,21
WHITNEY,21
AKSHARA,20
ALISIA,20
AMARIS,20
ANEIRA,20
ANNALIESE,20
AREESHA,20
ARYANA,20
BEAUX,20
CHARIS,20
CHELSEY,20
CRISTINA,20
DIVINE,20
DUAA,20
ERINA,20
FATHIMA,20
FAY,20
FELICIA,20
FRAYA,20
GEORGIA-ROSE,20
HANIYAH,20
HAYAT,20
INEZ,20
JESSICA-ROSE,20
KALLIE,20
KHADEEJA,20
KINZA,20
LAAIBAH,20
LACIE-MAI,20
LARISA,20
LENI,20
LOLA-MAI,20
LOLA-MAY,20
LOLA-RAE,20
LUJAIN,20
MADEEHA,20
MAHREEN,20
MAKAYLA,20
MALKA,20
MARIAMA,20
MARILYN,20
MARIYAM,20
NAFISA,20
NAILA,20
NISA,20
OLUWADARASIMI,20
PRUDENCE,20
ROSALYN,20
SANAA,20
SEHAJ,20
SHAKIRA,20
SUZIE,20
TAIBA,20
AADYA,19
ABIHA,19
AMEYA,19
AMINATA,19
ANIA,19
BETHEL,19
BRIELLA,19
CYNTHIA,19
DANICA,19
DILARA,19
ELISHEVA,19
EMAN,19
EWA,19
FARIHA,19
FAVOUR,19
GWENDOLYN,19
HANAN,19
HARGUN,19
INDIE-ROSE,19
ISRAA,19
JACQUELINE,19
JOLIE,19
JUNE,19
JUWAIRIYAH,19
LANI,19
LILY-ANNE,19
MAI,19
MARIKA,19
MOMINA,19
NAIA,19
NAJMA,19
NAYLA,19
NIMRAH,19
NYA,19
RABIA,19
RAYNA,19
RHIAN,19
ROKSANA,19
RUMAYSAH,19
SEERAT,19
SIMRAH,19
SUMAIYAH,19
SUSAN,19
TAHIRA,19
TALYA,19
TRISHA,19
VALERIA,19
ZEHRA,19
ADELYN,18
AFIA,18
AFREEN,18
AMIAH,18
ANAIAH,18
ANVI,18
ARAYA,18
AREEN,18
ARIELA,18
ARIYAH,18
ASMAA,18
AVAANI,18
BETSAN,18
BETSI,18
CANDICE,18
CATALINA,18
CAYLA,18
CECE,18
DREW,18
ELARA,18
ELLOUISE,18
EUNICE,18
FIZA,18
FLO,18
GODA,18
HADIYAH,18
IEVA,18
ILANA,18
ILARIA,18
ILINCA,18
IZZAH,18
JOAN,18
JULIANNA,18
KIRAN,18
LEIGHLA,18
LETTY,18
LILAH-ROSE,18
LILLA,18
LUCILLE,18
MARLEE,18
MILAH,18
MUNA,18
MUSKAAN,18
NAIYA,18
NAVYA,18
POPPY-MAY,18
POPPY-RAE,18
RIVA,18
ROSIE-MAY,18
ROYA,18
SABIHA,18
SAFAH,18
SARAI,18
SCARLET-ROSE,18
SURI,18
TABATHA,18
TILDA,18
TILLY-MAE,18
UMME,18
URSULA,18
YASHVI,18
ZAHARA,18
AARIA,17
ABEERA,17
ADALINE,17
ALARNA,17
ALEYNA,17
AMELLE,17
AMIA,17
AMILIA,17
ANNI,17
ARIANNE,17
AVA-RAE,17
AYANNA,17
AYZA,17
BILLIE-JO,17
BOW,17
BRIONY,17
CADENCE,17
CARI,17
CELYN,17
CHANELLE,17
DELPHINE,17
ELDANA,17
ELEONORA,17
ELIJA,17
ELIORA,17
ESMERALDA,17
EVELINE,17
EVIE-LEIGH,17
EZMAY,17
FAJR,17
FATOUMATA,17
FRANKIE-LEIGH,17
HAADIYA,17
HANIFA,17
IRINA,17
ISLA-MAY,17
JAIDA,17
JAMILA,17
JANICE,17
JUDITH,17
LILLI,17
LOTTIE-MAE,17
LUNA-ROSE,17
MALAIKAH,17
MAZIE,17
MEHAR,17
MELITA,17
MELODIE,17
MILANIA,17
MILLIE-MAY,17
MIRANDA,17
MUNIRA,17
NIKOL,17
PATSY,17
POSY,17
QUEENIE,17
RAYAH,17
REAGAN,17
REVA,17
ROSALEE,17
ROSIE-MAE,17
ROZALIA,17
SABAH,17
SAYA,17
SHAE,17
SHEKINAH,17
SOFIA-ROSE,17
STARLA,17
SUSIE,17
TAMZIN,17
WANIA,17
ZENA,17
AALEYAH,16
AARIYA,16
ADINA,16
AICHA,16
AMARACHI,16
ANNELISE,16
ANNIE-ROSE,16
AREEJ,16
ARIN,16
AWA,16
BERNADETTE,16
BROGAN,16
CAMERON,16
CAMILA,16
CHANA,16
CHARLENE,16
DAMARIS,16
DOROTHEA,16
DYLAN,16
EFFY,16
EMILE,16
EMILY-GRACE,16
ENA,16
ESTELLA,16
EVELYNE,16
EVERLEIGH,16
FREYAH,16
GIOVANNA,16
GRACEY,16
HARPER-RAE,16
HAYAA,16
HAYDEN,16
JESSE,16
JOELLE,16
JOHANNA,16
JUMANA,16
KAYLAH,16
KIRSTY,16
KYLIE,16
LARNA,16
LEANDRA,16
LEYA,16
LILAC,16
LILLEY,16
LILLIANNA,16
LIZA,16
LORI,16
MIA-LOUISE,16
MINHA,16
MIRABELLE,16
MYLIE,16
NAINA,16
NOURA,16
OLIVIA-MAY,16
PHOEBIE,16
RAINE,16
RIO,16
RONNI,16
ROSEANNE,16
ROSEY,16
RUQAYA,16
RYLEIGH,16
SAMIA,16
SANAYA,16
SANIA,16
SEHER,16
SELIN,16
SHALOM,16
SHAM,16
SHRIYA,16
SIANA,16
SIERRA,16
SILVIA,16
SYBIL,16
TALITHA,16
TEODORA,16
TIARNA,16
VIOLET-ROSE,16
YAEL,16
YANA,16
YASMEEN,16
YUMNA,16
ALESSANDRA,15
ALETHEA,15
ALMIRA,15
AMELIA-MAY,15
ANAM,15
ANGEL-ROSE,15
ARIYANA,15
AVA-LILLY,15
AYAN,15
AYSE,15
AZARIA,15
BABY,15
BAILEE,15
BAY,15
BELLA-MAE,15
BONITA,15
BREE,15
CARINA,15
CHIMAMANDA,15
CINDY,15
COLETTE,15
DIA,15
ELEANORA,15
ELEKTRA,15
ELICIA,15
ELISIA,15
ELIZAH,15
ELLA-MARIE,15
ELVIE,15
ELZA,15
ESMAE-ROSE,15
ESSIE,15
EVA-MAE,15
EVIE-RAE,15
EZME,15
FLAVIA,15
FRIEDA,15
GEORGIA-MAE,15
GITTY,15
HADASSAH,15
HELIN,15
HIDAYAH,15
IFRAH,15
ILA,15
IMAANI,15
IVY-MAY,15
JESS,15
JUDE,15
KIYA,15
KYA,15
LAIBAH,15
LAYLA-RAE,15
LEXI-LOUISE,15
LEXI-ROSE,15
MAARIYA,15
MAHDIYA,15
MAIDA,15
MAISHA,15
MAISIE-LEIGH,15
MALIYAH,15
MARYAMA,15
MCKENZIE,15
MEHER,15
MEI,15
MILLIE-RAE,15
MIRAY,15
MOLLY-MAE,15
MYA-ROSE,15
NABILA,15
NIRVANA,15
NUSAYBA,15
ODETTE,15
PARISA,15
PATIENCE,15
POLINA,15
PORSCHA,15
RAEGAN,15
RAMEEN,15
REENIE,15
RENESMAE,15
ROSAMUND,15
ROSIE-LEIGH,15
RUQAIYAH,15
SABRIN,15
SAMAA,15
SAVANA,15
SAVANNAH-ROSE,15
SENNEN,15
SHAY,15
TAYYIBAH,15
THERESA,15
TONI,15
VOGUE,15
WILLOW-GRACE,15
XENIA,15
ZOEYA,15
AASHVI,14
AAYAH,14
ABI,14
AIRA,14
AIVA,14
ALESSA,14
ALEXUS,14
ALIS,14
ALLANA,14
ALYSHA,14
AMAAL,14
AMARIAH,14
AMELIA-JAYNE,14
AMELIAH,14
AMILAH,14
AMYRA,14
ARTEMIS,14
AVIE,14
BLUE,14
CELINA,14
CHRISTABEL,14
CIANNA,14
CLODAGH,14
DARYA,14
ELLIE-GRACE,14
ELLORA,14
ELSBETH,14
EMILIA-ROSE,14
EMILY-MAY,14
ENIOLA,14
ESME-ROSE,14
EVA-GRACE,14
EVANGELINA,14
EVELIN,14
FAE,14
FATOU,14
FAUSTA,14
HAMNAH,14
HARPER-LEIGH,14
HIRAH,14
HUMAYRA,14
ILIANA,14
INGA,14
ISABELLE-ROSE,14
ISLA-MAI,14
JEWEL,14
KATARINA,14
KEITA,14
KHAIRA,14
KIM,14
KLOE,14
KYLAH,14
LARAIB,14
LAYA,14
LAYCIE,14
LAYLA-MAI,14
LEXI-LEIGH,14
LIARA,14
LILYANNA,14
LUCJA,14
MADALYN,14
MALWINA,14
MANON,14
MARCY,14
MARY-JANE,14
MARYUM,14
MAXINE,14
MELANIA,14
MELEK,14
MENNA,14
MICAELA,14
MIKAELA,14
MILI,14
MISHAL,14
MYLEE,14
NILA,14
NUSAIBA,14
OLGA,14
OLYMPIA,14
PAIGHTON,14
PERRI,14
PHOEBE-ROSE,14
POPPY-MAI,14
RAFFAELLA,14
RAHELA,14
RANI,14
RANYA,14
REESE,14
REYAH,14
ROSABELLA,14
RYLIE,14
SABINE,14
SAIMA,14
SAMEERA,14
SAWDAH,14
SCOUT,14
SERAFINA,14
SHIVANI,14
SIENNA-MAE,14
SIENNA-RAE,14
SOPHIA-GRACE,14
SUZANNA,14
TAMMY,14
XIN,14
YASEMIN,14
ZAHRAH,14
ZARINA,14
ZIA,14
ZIMAL,14
AAMILAH,13
AAMIRA,13
ADITI,13
AERYN,13
AHLAM,13
AIMA,13
AIMAN,13
ALASKA,13
ALEIGHA,13
ALEXI,13
ALIANA,13
AMELIA-JANE,13
AN,13
ANA-MARIA,13
ANAAYA,13
ANJA,13
ANNIE-MAY,13
ARNA,13
AROOSH,13
ASMIN,13
AURELIE,13
AURORA-ROSE,13
AVA-LILY,13
AYRAH,13
BAREERA,13
BAYLEE,13
BECA,13
BERNICE,13
BISMA,13
BLANCA,13
BLIMI,13
BO,13
BOE,13
BREANNA,13
BRIAR,13
BROOKLYNN,13
CATRIONA,13
CHARLI,13
CLEMENCE,13
CORNELIA,13
DANIYA,13
DANNI,13
DELILAH-ROSE,13
DELLA,13
DHIYA,13
DOLCE,13
DOLLY-ROSE,13
DORIS,13
EABHA,13
EDEE,13
EEVEE,13
ELAINE,13
ELEN,13
ELIZA-MAE,13
EMELIA-ROSE,13
EMILLIE,13
EMILY-JANE,13
EMMIE-ROSE,13
ERIS,13
ERYNN,13
EVERLEY,13
EVERLYN,13
FREDA,13
HABIBAH,13
HANAA,13
HELOISE,13
INDIANNA,13
ITALIA,13
IVY-GRACE,13
JEAN,13
JOELLA,13
KACEY-LEIGH,13
KACIE-LEIGH,13
KAIRI,13
KALIYAH,13
KIANNA,13
KIRSTEN,13
LACEY-RAE,13
LAMISAH,13
LANEY,13
LEANNA,13
LEVI,13
LIORA,13
LOGAN,13
LUCY-MAE,13
LUKA,13
LYDIA-ROSE,13
MAAHI,13
MADALENA,13
MALIA,13
MARION,13
MARNIE-RAE,13
MINNAH,13
MINSA,13
MOLLIE-MAE,13
MYLA-ROSE,13
NATALYA,13
NIMRA,13
OLUWADAMILOLA,13
OONA,13
RAHIMA,13
RAMLA,13
RAPHAELLA,13
RIPLEY,13
ROSELYN,13
ROSINA,13
RUBY-GRACE,13
SAFFIYAH,13
SALWA,13
SAMIYAH,13
SANJANA,13
SANVI,13
SERENNA,13
SHANAE,13
SHAYNA,13
SIMONE,13
SOFIYA,13
SUMMER-RAE,13
SURAIYA,13
TAMAR,13
TILLY-MAY,13
TYRA,13
UMAYYAH,13
VEDA,13
ZURI,13
AARUSHI,12
ADANNA,12
AFIYA,12
AFIYAH,12
AFNAN,12
AFSA,12
AILLA,12
ALAW,12
ALECIA,12
ALLIE,12
ANAH,12
ANFAL,12
ANNAYA,12
ANTONELLA,12
AVAYAH,12
AVIANA,12
AYOMIDE,12
BAYAN,12
BETHANIE,12
BILLIE-RAE,12
BLAIR,12
BLISS,12
BONNIE-MAE,12
BRIA,12
BRIANNE,12
CASEY-LEIGH,12
CASI,12
CHARLIZE,12
CHIZARAM,12
CHLOE-MAE,12
CLIO,12
DANIELE,12
DARCY-MAE,12
DEA,12
DEVINA,12
DIAMOND,12
DINAH,12
EDA,12
ELAYNA,12
ELECTRA,12
ELSIE-MAI,12
ELSIE-RAE,12
EMANUELA,12
ESTA,12
EVIE-LOUISE,12
FAYHA,12
GRACIE-ROSE,12
HAANIYA,12
HEBA,12
HIBBAH,12
IMOGEN-ROSE,12
IOLA,12
IRA,12
IRHA,12
IRHAA,12
ISHIKA,12
ISLAY,12
JANET,12
JANNA,12
JAVERIA,12
JENNAH,12
JORGIA,12
KAILA,12
KALI,12
KARIMA,12
KSENIA,12
KYARA,12
LAKSHMI,12
LANYA,12
LEAH-ROSE,12
LILY-RAE,12
LIZZIE,12
LORETTA,12
LOTTY,12
MAGI,12
MALAYA,12
MANAAL,12
MANUELA,12
MARISA,12
MAYAR,12
MILITA,12
MIRACLE,12
MIREYA,12
MIRHA,12
MONA,12
MONTANA,12
MYRAH,12
NAFEESA,12
NICOL,12
NIDHI,12
NIKA,12
NURA,12
OLIVIA-MAI,12
PORTIA,12
RAEYA,12
RAHAF,12
RAHMAH,12
RAVNEET,12
RAYAAN,12
RAZAN,12
REEMA,12
REMY,12
ROCHELLE,12
ROMANY,12
RUBY-LOUISE,12
RYLEE,12
SAHANA,12
SAHASRA,12
SAPHIRA,12
SARRINAH,12
SHAAN,12
SKYLER-ROSE,12
SMILTE,12
SUMMER-LOUISE,12
SWARA,12
TAHIYA,12
TANIA,12
TEDDIE,12
THEA-ROSE,12
TIA-ROSE,12
TILLIE-MAE,12
TOBY,12
TOLA,12
TULISA,12
ULA,12
UMAIMAH,12
UMMAYYAH,12
VIOLETTE,12
VIRGINIA,12
YOUSRA,12
ZEENAT,12
ZI,12
ZOHRA,12
A'ISHA,11
AAROHI,11
AISHWARYA,11
AIYANNA,11
ALEEAH,11
ALEXIE,11
ALEXIS-MAE,11
AMI,11
AMREET,11
ANEESAH,11
ANGELIKA,11
ANGHARAD,11
ANNABETH,11
AREEBAH,11
ARIA-ROSE,11
AROOJ,11
ASHANTI,11
ASHLYN,11
AUGUSTE,11
AWEN,11
AYANAH,11
AYISHA,11
BAHAR,11
BAREERAH,11
BEBE,11
BELLA-LOUISE,11
CALLA,11
CARRIE,11
CHARLEE,11
CHERYL,11
CHIOMA,11
CHRISTIE,11
CICI,11
DAISEY,11
DARINA,11
DAYANA,11
DEBORA,11
DELANEY,11
DUNYA,11
ELIYAH,11
ELLAROSE,11
ELLY,11
EMMANUELLE,11
ERA,11
ESMIE,11
EVANNA,11
FAIZAH,11
FAREEHA,11
FENELLA,11
FRANCHESCA,11
FRANKEE,11
GUSTE,11
HALLIE-ROSE,11
HARLEE,11
HARPER-GRACE,11
HARPER-MAE,11
HEAVEN,11
HEER,11
HOLLIE-MAE,11
INNAYAH,11
ISABELLA-GRACE,11
IZZIE,11
JAIYA,11
JANAE,11
JANNATUL,11
JAPJI,11
JEMMA,11
JESSA,11
JOANIE,11
JOLENE,11
JUWAYRIYAH,11
KAREENA,11
KASSIDY,11
KATARZYNA,11
KATELYNN,11
KAYLEY,11
KENSI,11
KORA,11
KYRAH,11
LAMAR,11
LAYAH,11
LEIGHA,11
LETICIA,11
LEXI-MARIE,11
LEXIE-MAE,11
LIANNA,11
LILIEN,11
LILLY-ANNA,11
LILLY-RAE,11
LILYANA,11
LIVVIE,11
LUA,11
LUCA,11
LUCY-MAY,11
LUNA-RAE,11
LYLA-RAE,11
MADDY,11
MADINAH,11
MAHEK,11
MAHROSH,11
MAISIE-ROSE,11
MALKY,11
MANAR,11
MARCELLA,11
MARNIE-ROSE,11
MAYRA,11
MEHEK,11
MEILA,11
MELINDA,11
MIA-LEIGH,11
MICHAL,11
MIRREN,11
MUMTAZ,11
MUSKAN,11
MYIA,11
MYRTLE,11
NESSA,11
NISSI,11
NUSRAT,11
OLAMIDE,11
PHILLIPA,11
PHILOMENA,11
POPPY-GRACE,11
PORSCHE,11
PRAISE,11
RAEESA,11
RAIMA,11
RANA,11
RAWAN,11
RAYYAN,11
REISY,11
REN,11
RIANA,11
RIANNA,11
RIYAH,11
ROSY,11
ROUX,11
ROXANNA,11
RUBY-MAI,11
RUQAIYA,11
SADAF,11
SAHRA,11
SAKURA,11
SALIHA,11
SALOME,11
SAMAIRA,11
SAMIHA,11
SANIYA,11
SANSA,11
SARIAH,11
SERENE,11
SIDRAH,11
SIOBHAN,11
SKYLA-MAE,11
SKYLA-MAI,11
SKYLAH-ROSE,11
SUNNY,11
TALULAH,11
TEXAS,11
TIEGAN,11
UMAMAH,11
VALENTINE,11
VEERA,11
VENUS,11
VIDA,11
ZAHIRA,11
ZIYA,11
ZORA,11
AAFIA,10
AAFIYA,10
AAMNA,10
ADORA,10
ADRIJA,10
AFSHEEN,10
AIVAH,10
AKSHAYA,10
ALEEMA,10
ALLANAH,10
AMAIYAH,10
AMBA,10
AMELIA-RAE,10
AMELIE-ROSE,10
AMREEN,10
ANASHE,10
ANAYS,10
ANDIE,10
ANDRA,10
ANIAH,10
ANJOLAOLUWA,10
ANNA-LEIGH,10
ANNAYAH,10
ANNIE-MAE,10
ARAMINTA,10
ARIANWEN,10
ARISA,10
ARRABELLA,10
ARYANNA,10
AVERIE,10
AVIA,10
AVNOOR,10
AYLA-ROSE,10
BAYLEIGH,10
BELA,10
BESS,10
BETTIE,10
BREA,10
BRITNEY,10
CAIA,10
CALLY,10
CARISSA,10
CECILE,10
CHANI,10
CHAVA,10
CHEYENNE,10
CHRISTA,10
CIANA,10
CICELY,10
CLEOPATRA,10
DAISY-RAE,10
DANAYA,10
DARCEY-MAY,10
DARCIE-MAI,10
DEBBIE,10
DEENAH,10
DEMELZA,10
DIANE,10
DILYS,10
DOLLY-MAE,10
ECATERINA,10
EIBHLIN,10
ELAN,10
EMELI,10
EMINE,10
ENLLI,10
EVIE-MARIE,10
EYLUL,10
FARIDA,10
FARWAH,10
FIA,10
FLORIE,10
GENESIS,10
HAANIA,10
HEAVENLY,10
HELAINA,10
HENNA,10
HILLARY,10
HOLLY-ROSE,10
IFEOLUWA,10
IMELDA,10
INA,10
INDIRA,10
INIOLUWA,10
ISMAH,10
IZABEL,10
IZZA,10
IZZABELLA,10
JASMEET,10
JUDY,10
KAINAT,10
KAYAH,10
KEERAT,10
KEIRA-LEIGH,10
KEMI,10
KIMAYA,10
KIMORA,10
KIZZY,10
LACEY-MARIE,10
LAILA-MAE,10
LANAH,10
LATIFAH,10
LAYLA-JANE,10
LEILA-ROSE,10
LEORA,10
LILLIE-ANN,10
LILLY-MARIE,10
LINDSEY,10
LINNEA,10
LIVIE,10
LOTTE,10
LOTTIE-ROSE,10
LUCI,10
LUX,10
MADDISON-ROSE,10
MAGGIE-MAE,10
MAHUM,10
MAIDAH,10
MAISIE-RAE,10
MAIZY,10
MALA,10
MARED,10
MARYANNE,10
MASOOMA,10
MAYA-ROSE,10
MAYMUNA,10
MEENA,10
MEHAK,10
MEHR,10
MELIS,10
MERIDA,10
META,10
MIESHA,10
MILLIE-MAI,10
MINAAL,10
MINERVA,10
MIRELLA,10
MISCHA,10
MOLLY-MAY,10
MONIQUE,10
MORIAH,10
NABEEHA,10
NANCY-ROSE,10
NARA,10
NELLI,10
NIDA,10
NOEMIE,10
OLUWANIFEMI,10
OLUWATAMILORE,10
ORLA-ROSE,10
PEIGHTON,10
PENNIE,10
PERLA,10
PHEBE,10
PREET,10
RAFAELLA,10
REGAN,10
REYNA,10
RHODA,10
RIDDHI,10
RIHANA,10
RISHIKA,10
RIVKY,10
ROMAISA,10
ROSABELLE,10
ROSALIA,10
ROSIE-MAI,10
RUMAISAH,10
SAFFA,10
SAIRAH,10
SAMARAH,10
SAMREEN,10
SANYA,10
SARAYA,10
SAULE,10
SENA,10
SHAUNA,10
SHEIKH,10
SHONA,10
SHYANNE,10
SKYLAR-ROSE,10
SOFIA-GRACE,10
SORCHA,10
SORREL,10
SUHANA,10
SUHAYLA,10
SUNDUS,10
SUZANNE,10
TARYN,10
TAYBAH,10
TEDDY,10
TEMILOLUWA,10
TEREZA,10
TIGERLILY,10
TIYA,10
TRACY,10
UMAIRA,10
UNAYSAH,10
URTE,10
URWA,10
VIOLETTA,10
VIVIANA,10
YAZMIN,10
YI,10
YU,10
YVONNE,10
ZION,10
ZIRWA,10
ZOYAH,10
AAFIYAH,9
AAISHAH,9
AASHNA,9
AAYLA,9
ADAEZE,9
ADNA,9
AELA,9
AERIN,9
AFIFA,9
AFRAH,9
AILAH,9
AILBHE,9
ALEA,9
ALEESA,9
ALEJANDRA,9
ALEYA,9
ALYZA,9
AMAANAH,9
AMATULLAH,9
AMBERLEY,9
AMEENAH,9
AMEILA,9
AMEL,9
AMENA,9
AMIMA,9
AMISHA,9
ANAIA,9
ANASTASIJA,9
ANDREJA,9
ANEEQA,9
ANUSHA,9
ARA,9
ARIANE,9
ATHEA,9
AURA,9
AVRIL,9
AZIZA,9
AZKA,9
BATOOL,9
BELLA-MAI,9
BILLIE-MAE,9
BLAIRE,9
BONNIE-RAE,9
BRIANA,9
BRYHER,9
CALISTA,9
CARLOTTA,9
CATERINA,9
CONNIE-MAE,9
CORINNE,9
COSIMA,9
D'ARCY,9
DAISY-ANN,9
DAMILOLA,9
DARA,9
DARBY,9
DARCY-MAY,9
DENIZ,9
DERIN,9
DESIREE,9
DEVORAH,9
DOLLY-MAY,9
DORCAS,9
EKATERINA,9
ELEONORE,9
ELIVIA,9
ELNAZ,9
ELYSSIA,9
ELYZA,9
EMERALD,9
EMERSON,9
EMILI,9
EMMANUELA,9
ERIN-ROSE,9
ERINN,9
ERISA,9
ESLEM,9
ESMEE-ROSE,9
ESMERELDA,9
FAATIMA,9
FABIHA,9
FELICITY-ROSE,9
FIADH,9
FIONNUALA,9
FIORELLA,9
FLOSSIE,9
FRANCISCA,9
GISELE,9
GWENNAN,9
GWENNO,9
GWYNETH,9
HAMDA,9
HAMNA,9
HARVEEN,9
HAVIN,9
HEBE,9
HERO,9
ILHAM,9
IMARA,9
IOANNA,9
IRAJ,9
ISATOU,9
ISOLDE,9
IVA,9
IVY-RAE,9
IYLA-MAE,9
IZMA,9
JAMELIA,9
JANVI,9
JASMEEN,9
JASMINE-ROSE,9
JASMYN,9
JESSICA-MAY,9
JULIETTA,9
KAINAAT,9
KARIN,9
KARMA,9
KASSIE,9
KAYDEE,9
KAYLIN,9
KEISHA,9
KENZI,9
KEREN,9
KEYA,9
KHALISA,9
KIAH,9
KIMRAN,9
KRISHNA,9
KYAH,9
LAIA,9
LAVANYA,9
LAYNA,9
LILAH-MAE,9
LILIYA,9
LILLYANNA,9
LILLYANNE,9
LIVINIA,9
LIWIA,9
LIYAH,9
LYLA-MAE,9
MAARIA,9
MACIE-LEIGH,9
MADI,9
MAGGIE-MAY,9
MAIRAH,9
MALIKAH,9
MALINA,9
MANREET,9
MANTASHA,9
MARCELINE,9
MARGARITA,9
MARLEIGH,9
MARLENE,9
MARLI,9
MARYAN,9
MAVIS,9
MAYEDA,9
MAYMUNAH,9
MIAMI,9
MILA-RAE,9
MILLI,9
MINDY,9
MISHKA,9
MISSY,9
MISTY,9
MONAE,9
NAIMAH,9
NATANIA,9
NECHAMA,9
NEEVA,9
NELI,9
NEVAYA,9
NEVEAH,9
NIKKI,9
NIXIE,9
NOOR-FATIMA,9
NOORA,9
NURIA,9
OCEANA,9
PERI,9
PHOEBE-GRACE,9
POPPI,9
POPPY-LOUISE,9
PRABHLEEN,9
PYPER,9
RAGHAD,9
RANEEM,9
REGINA,9
REIGN,9
RETAJ,9
RHIANNA,9
RITAJ,9
ROMANA,9
ROSE-MARIE,9
ROSEMARIE,9
ROSHNI,9
RUBY-LEE,9
SAACHI,9
SAALIHA,9
SADIYA,9
SAFFIYA,9
SAI,9
SAJA,9
SAMAH,9
SANAM,9
SCARLETT-LOUISE,9
SERINA,9
SHAHD,9
SHANI,9
SHEZA,9
SHIRA,9
SILVER,9
SIMRIT,9
SORAIYA,9
SUKAINA,9
SYDNIE,9
TAHANI,9
TAMSYN,9
TAQWA,9
TASMIA,9
TAYLAH,9
TEAL,9
THIYA,9
TIERNEY,9
TIGER-LILY,9
TINASHE,9
TOVA,9
TRUDY,9
VAANI,9
VIDHI,9
WILLOW-RAE,9
WINTER-ROSE,9
XENA,9
YAGMUR,9
YITTY,9
ZAIRA,9
ZARIYA,9
ZINNIA,9
ZSOFIA,9
ZYNAH,9
AAKIFAH,8
AALAYAH,8
AARA,8
AASHI,8
AASIA,8
AASIYA,8
AAVYA,8
ADAMA,8
ADHYA,8
ADI,8
AHANA,8
AHLAAM,8
AIYA,8
AJOONI,8
AJUNI,8
ALA,8
ALAIYA,8
ALEISHA,8
ALEXIS-ROSE,8
ALIAH,8
ALISHA-MAY,8
ALIX,8
ALYCIA,8
ALYSSA-ROSE,8
AMAAYA,8
AMARISSA,8
AMELIA-MAI,8
AMELIYA,8
AMEN,8
AMERA,8
AMIIRA,8
AMINE,8
AMRA,8
ANAMTA,8
ANASTAZIA,8
ANGIE,8
ANNA-MARIA,8
ANNABELLE-ROSE,8
ANNETTE,8
ANOUK,8
ANTIGONE,8
ANTOINETTE,8
APPHIA,8
APRIL-ROSE,8
ARIARNA,8
ARIZONA,8
ARLIA,8
ARSHIA,8
ARSHIYA,8
ASHLEEN,8
ASTER,8
ATHINA,8
AUBRIE,8
AVELINE,8
AVIANNA,8
BARBORA,8
BASMA,8
BELINDA,8
BENITA,8
BERENICE,8
BINKY,8
BOBBIE-JO,8
BONNIE-LEIGH,8
BONNIE-LOU,8
BONNIE-ROSE,8
BRACHA,8
CALLIE-MAE,8
CARIAD,8
CARMELLA,8
CELESTINE,8
CHARMAINE,8
CHIAMAKA,8
CHIZARA,8
CLEA,8
CLEMENCY,8
CLOVER,8
CODIE,8
CONNIE-RAE,8
DAIANA,8
DAISY-LEIGH,8
DAISY-ROSE,8
DANAE,8
DARCEE,8
DEENA,8
DEFNE,8
DEMI-ROSE,8
DENISE,8
DIVYA,8
DUHA,8
EBBA,8
EKAM,8
ELIZA-ROSE,8
ELLAMAE,8
ELLIANNA,8
ELLIE-LOUISE,8
ELLIE-MARIE,8
ELLIE-RAE,8
ELLISE,8
ELVIRA,8
EMELINE,8
EMILIE-ROSE,8
EMILY-JAYNE,8
ENAYA,8
ENFYS,8
ENOLA,8
EOWYN,8
ERVA,8
ESTELA,8
EUGENIA,8
EVERLIE,8
EVIEE,8
EVLYN,8
EZMEE,8
EZRI,8
FALAQ,8
FARHEEN,8
FARIA,8
FEIGY,8
FRANCINE,8
FREDERICA,8
FREIDA,8
FREYA-MAE,8
GEORGIA-MAY,8
GIULIETTA,8
GLORY,8
GRACIE-LEE,8
GRACIE-LOU,8
GRETEL,8
HADASSA,8
HAIFA,8
HAJAR,8
HALLIE-MAE,8
HANIFAH,8
HANYA,8
HARLOWE,8
HARMONIE,8
HARMONY-ROSE,8
HARNEET,8
HARPER-LILY,8
HERA,8
HIFZA,8
HONOUR,8
HOSANNA,8
IKHLAS,8
ILAYDA,8
ILSA,8
INARAH,8
INIYA,8
IREM,8
ISABEAU,8
ISHAANI,8
IVANNA,8
IVORY,8
JACEY,8
JASKIRAT,8
JASPREET,8
JAYCEE,8
JAYLA,8
JAZMYN,8
JORY,8
JOVIE,8
KANI,8
KANISHKA,8
KATRIN,8
KAY,8
KAYLA-ROSE,8
KAYSHA,8
KEAVY,8
KEELY,8
KELIS,8
KHAWLAH,8
KLEA,8
KRISIA,8
LACEY-LOU,8
LACEY-LOUISE,8
LACEY-ROSE,8
LACI,8
LACIE-MAY,8
LAYAL,8
LEANA,8
LEISHA,8
LEJLA,8
LELA,8
LENNOX,8
LERRYN,8
LEXI-RAE,8
LEXY,8
LIBA,8
LILA-ROSE,8
LILIANE,8
LILLYMAE,8
LILOU,8
LOLA-LOUISE,8
LONDON,8
LORA,8
LORIN,8
LOTI,8
LOTTA,8
LOTTIE-RAE,8
MAANVI,8
MAHEERA,8
MAILY,8
MAIMUNA,8
MAISIE-GRACE,8
MALLORY,8
MARCIA,8
MARGUERITE,8
MATILDA-ROSE,8
MCKENNA,8
MEA,8
MEDI,8
MEELA,8
MIRI,8
MISHAAL,8
MISHIKA,8
MYRIAM,8
NABA,8
NADIRA,8
NANDINI,8
NATHALIA,8
NATHALIE,8
NAYAH,8
NAZ,8
NELLE,8
NERYS,8
NIKI,8
NUSAIBAH,8
NYLA-ROSE,8
OFELIA,8
OLIVIA-RAE,8
OONAGH,8
ORIANNA,8
PATRICIJA,8
PHAEDRA,8
PHOEBE-MAE,8
POPPY-ANN,8
POSEY,8
PREEYA,8
PRESLEY,8
PRIA,8
QIRAT,8
RADHA,8
RAFAELA,8
RAHEEMA,8
RAIHANA,8
RAIYA,8
RANIYA,8
RAYNE,8
RAYYA,8
REEYA,8
REINA,8
RENATA,8
RISHA,8
RIYAN,8
RONA,8
ROSETTA,8
ROWEN,8
RUBY-ANN,8
RUE,8
RUWEYDA,8
SADE,8
SAFFAH,8
SAIDA,8
SAKEENA,8
SALEENA,8
SAMAR,8
SAMINA,8
SANNA,8
SARAH-JANE,8
SARON,8
SERAH,8
SHANA,8
SHANICE,8
SHANIYAH,8
SHARA,8
SHAZIA,8
SHIANNE,8
SIDNEY,8
SIENNA-MAI,8
SIHAM,8
SIMAR,8
SIWAN,8
SKYLA-RAE,8
SNOW,8
SOLIANA,8
SOPHIE-ROSE,8
SORA,8
SUMEYA,8
SUMMAYA,8
TATUM,8
TEDDI,8
TEHYA,8
TEYA,8
THANDIWE,8
THOMASINA,8
URSZULA,8
VESTA,8
VICKY,8
WANDA,8
WAREESHA,8
WILLOW-MAE,8
YEHUDIS,8
YUNA,8
ZAINEB,8
ZEINA,8
ZUZANA,8
ZYANA,8
AALIYAH-ROSE,7
AANIYAH,7
AARIYAH,7
ABEERAH,7
ABENA,7
ABIGAIL-ROSE,7
ABRAR,7
ADALIND,7
ADALYNN,7
ADDILYN,7
ADELYNN,7
AEVA,7
AGNIESZKA,7
AIBHLINN,7
AILEEN,7
AISHANI,7
AISLA,7
ALANI,7
ALAYNAH,7
ALEIA,7
ALEYAH,7
ALIMA,7
ALIONA,7
ALORA,7
AMAIRA,7
AMANA,7
AMARACHUKWU,7
AMAYRA,7
AMBER-MAY,7
AMELIA-LILLIE,7
AMETHYST,7
AMY-LOUISE,7
AMY-ROSE,7
ANAAYAH,7
ANASTACIA,7
ANDI,7
ANDREIA,7
ANISAH,7
ANISSA,7
ANNALISA,7
APHRA,7
APRYL,7
ARAIYA,7
ARIBAH,7
ARIELE,7
AROHI,7
ASHLEA,7
ASHLEE,7
ASPEN,7
ATLANTA,7
AVALYN,7
AVEEN,7
AYSEL,7
BAILIE,7
BATSHEVA,7
BELLA-MARIE,7
BEREN,7
BERRY,7
BEULAH,7
BONNIE-MARIE,7
BONNY,7
CALLI,7
CANSU,7
CARIS,7
CARMEL,7
CHARDONNAY,7
CHARLOTTE-ROSE,7
CHELSIE,7
CHERISH,7
CHIDERA,7
CHISOM,7
CHYNA,7
CLARICE,7
CRISTIANA,7
CYDNEY,7
DAANYA,7
DAISY-GRACE,7
DALAL,7
DANI,7
DANIYAH,7
DANYA,7
DARCEY-MAE,7
DARCEY-ROSE,7
DARCIE-MAY,7
DARCY-LEIGH,7
DASHA,7
DELTA,7
DHANVI,7
DHRUVI,7
DIMITRA,7
EITHNE,7
EIVA,7
EKNOOR,7
ELEA,7
ELEANA,7
ELEXIS,7
ELISABETA,7
ELISABETTA,7
ELIZA-RAE,7
ELIZABETH-ROSE,7
ELLA-JANE,7
ELLIOT,7
ELOWYN,7
ELSIE-GRACE,7
ELVA,7
ELZE,7
EMEL,7
EMILY-MAE,7
ESILA,7
ESTERE,7
ETANA,7
ETTY,7
EVA-LOUISE,7
EVA-MARIE,7
EVA-MAY,7
EVANA,7
FAHIMA,7
FAJAR,7
FANTA,7
FATIMA-ZAHRA,7
FATIMAH-ZAHRA,7
FFLUR,7
FIYINFOLUWA,7
FLORENTINA,7
FLORI,7
FRANKIE-RAE,7
FRANKIE-ROSE,7
FRAYAH,7
FREYA-MAY,7
GEORGIA-GRACE,7
GEORGIE-MAY,7
GINA,7
GITTEL,7
GIULIANA,7
GRACIE-JANE,7
GWENDOLINE,7
HAADIYAH,7
HAANIYAH,7
HAILIE,7
HAIQA,7
HAJIRAH,7
HANAYA,7
HARINI,7
HARPER-LILLY,7
HEPHZIBAH,7
HIDAYA,7
HILA,7
HINDY,7
HONEY-ROSE,7
HUMAYRAH,7
IKRAM,7
ILITHYIA,7
ILONA,7
INAS,7
INDIE-RAE,7
INSHA,7
IONELA,7
ISMA,7
IYANA,7
IYLA-ROSE,7
JAANVI,7
JAMEELA,7
JASNEET,7
JAYDE,7
JAZLYN,7
JEANIE,7
JESSIKA,7
JOSCELYN,7
KAMILAH,7
KARISSA,7
KASHVI,7
KASIA,7
KATIE-ROSE,7
KELSI,7
KENYA,7
KERRY,7
KIRAT,7
KONNIE,7
KOTRYNA,7
KRISTINE,7
LACEY-JANE,7
LACY,7
LAILA-ROSE,7
LAMAISAH,7
LAVIN,7
LAYAAN,7
LEOLA,7
LETTI,7
LEWAN,7
LILLIE-ANNE,7
LILLITH,7
LILLYMAY,7
LILLYROSE,7
LIVVI,7
LORIEN,7
LOTTIE-MAY,7
LUBNA,7
LUJANE,7
LYANA,7
LYNN,7
LYZA,7
MABLE,7
MAEBH,7
MAGDALENE,7
MAHDIYAH,7
MAHIMA,7
MAICEY,7
MAIREAD,7
MAIZEY,7
MALEEKA,7
MALENA,7
MANSIRAT,7
MARAM,7
MARIAN,7
MARIJA,7
MARLOW,7
MARY-ANN,7
MARYA,7
MASIE,7
MAYSOON,7
MAYZIE,7
MEG,7
MELODY-MAY,7
MERIEM,7
MIGLE,7
MIHAELA,7
MILLIE-ANN,7
MILLIE-GRACE,7
MIRAYA,7
MITZI,7
MOKSHA,7
MOLI,7
MOLLIE-MAI,7
MOLLIE-ROSE,7
MORWENNA,7
NABEELA,7
NARIN,7
NAVNEET,7
NAYARA,7
NAZIA,7
NEDA,7
NEVA,7
NICO,7
NILAH,7
NISHA,7
NITYA,7
NON,7
NOREEN,7
NOVAH,7
NURIYAH,7
OAKLEY,7
OLUWASEMILORE,7
OPAL,7
ORNELLA,7
PAISLEE,7
PAMELA,7
PARYA,7
PAVAN,7
PEACE,7
PERDITA,7
PETAL,7
POPPY-LEIGH,7
QUINCY,7
RADHIKA,7
RAHA,7
RAISSA,7
RAYANN,7
RENAD,7
RENESMAI,7
RHONA,7
RIAH,7
RIVER-MAE,7
ROGUE,7
ROJIN,7
ROMEESA,7
ROMI,7
RONI,7
ROOP,7
ROSA-LEIGH,7
RUBINA,7
RUSNE,7
RUYA,7
SABREEN,7
SAFINA,7
SAHIB,7
SAKINAH,7
SAMAYA,7
SAMIRAH,7
SANAH,7
SAPHIRE,7
SARGUN,7
SCARLETT-MAE,7
SCARLOTTE,7
SEEMA,7
SENARA,7
SENNA,7
SERAPHINE,7
SEREEN,7
SHAINA,7
SHEA,7
SHEINDY,7
SHIFRA,7
SHIRLEY,7
SHIZA,7
SHOLA,7
SHYLAH,7
SIENNA-MARIE,7
SILA,7
SOFFIA,7
SOFIYAH,7
SOHA,7
SONYA,7
SOPHIA-MAI,7
SOPHIA-MARIE,7
STARR,7
SUHA,7
SUHAILA,7
SUHANI,7
SUMMER-GRACE,7
SUMMER-MAY,7
SUNNIE,7
SUZY,7
TAALIAH,7
TAIYA,7
TALI,7
TALIA-ROSE,7
TALLULAH-BELLE,7
TALULA,7
TAMERA,7
TANZILA,7
TARAOLUWA,7
TAYLA-MAE,7
TAYLOR-MAY,7
TEGEN,7
THORA,7
TIAH,7
TILIA,7
TIMEA,7
TIPPI,7
TISHA,7
TIWATOPE,7
TULA,7
UGNE,7
VAISHNAVI,7
VALENCIA,7
VEGA,7
VESPER,7
VITTORIA,7
WINONA,7
XARA,7
XYLA,7
YASNA,7
YOANA,7
ZADIE,7
ZAIBA,7
ZAMZAM,7
ZARIAH,7
ZARIYAH,7
ZEENA,7
ZENDAYA,7
ZENIA,7
ZEYNAB,7
ZHI,7
AAIZAH,6
AANIYA,6
AARIAH,6
AARVI,6
ABIDA,6
ADEA,6
ADEEBA,6
ADEOLA,6
ADIBA,6
ADRINA,6
AEMILIA,6
AERIS,6
AFRA,6
AIDY,6
AILISH,6
AIRAH,6
AISHAT,6
AISSATOU,6
ALANA-ROSE,6
ALANIS,6
ALBANY,6
ALBERTA,6
ALEEZAH,6
ALEKSA,6
ALICE-ROSE,6
ALIVIA-ROSE,6
ALLEYAH,6
ALLISON,6
ALLY,6
ALMINA,6
ALUNA,6
ALVA,6
AMAARA,6
AMAN,6
AMARISA,6
AMBAR,6
AMEILIA,6
AMELIA-JADE,6
AMELIA-LOUISE,6
AMILA,6
AMYA,6
ANABELA,6
ANABELL,6
ANAHITA,6
ANDRIANA,6
ANEEKA,6
ANEESHA,6
ANEYA,6
ANGEL-MAY,6
ANGELIQUE,6
ANISIA,6
ANJOLA,6
ANNALIE,6
ANNAM,6
ANNE-MARIE,6
ANSHIKA,6
ARABEL,6
ARADHYA,6
ARAYAH,6
AREESA,6
AREYA,6
ARIFA,6
AROOSA,6
ASHLYNN,6
ASHNA,6
ATARAH,6
ATIKA,6
ATIYA,6
AVA-JADE,6
AVALEIGH,6
AVALON,6
AVANTIKA,6
AYAAN,6
AYMAN,6
AYOMIKUN,6
AYVAH,6
AZARA,6
BELLA-RAE,6
BERFIN,6
BETSEY,6
BETSY-ROSE,6
BILLIE-MAI,6
BLU,6
BODHI,6
BRANWEN,6
BRIAR-ROSE,6
BRITTANY,6
BRYDIE,6
CAILYN,6
CALLIE-MAY,6
CALLIOPE,6
CAMELIA,6
CAMMIE,6
CARAGH,6
CARLEY,6
CARLOTA,6
CASSIOPEIA,6
CEREN,6
CHARISSA,6
CHARITY,6
CHARLEY-ROSE,6
CHIKAMSO,6
CHLOE-ANN,6
CHLOE-LOUISE,6
CHLOE-MARIE,6
CORAH,6
CORALINE,6
DAENERYS,6
DAISIE-MAE,6
DAISY-JANE,6
DAIZY,6
DARCIE-LEIGH,6
DARCY-RAE,6
DARCY-ROSE,6
DARIYA,6
DAYNA,6
DEANNA,6
DELINA,6
DELISHA,6
DEMETRA,6
DEMI-LEE,6
DESIRE,6
DISHA,6
DOMINIQUE,6
DOROTA,6
DZESIKA,6
ECRIN,6
EDINA,6
EDITH-ROSE,6
EIRINN,6
EIRLYS,6
ELAF,6
ELEANORE,6
ELEENA,6
ELENORA,6
ELITA,6
ELIZAVETA,6
ELLI,6
ELLIE-ANN,6
ELLISSA,6
ELMA,6
ELOGHOSA,6
ELSA-ROSE,6
ELSY,6
ELYANA,6
EMIKO,6
EMILIA-GRACE,6
EMILLY,6
EMILYROSE,6
EMMIE-LOU,6
EMMYLOU,6
ESTEE,6
EUGENIE,6
EVA-MAI,6
EVALINA,6
EVELYN-GRACE,6
EVELYNNE,6
EVITA,6
EWAOLUWA,6
FAHMIDA,6
FATIHA,6
FAWN,6
FEARN,6
FERNANDA,6
FRANKIE-MARIE,6
GAJA,6
GELILA,6
GEORGETTE,6
GEORGIE-MAE,6
GERDA,6
GINEVRA,6
GLADYS,6
GRACIE-RAE,6
GUINEVERE,6
GURNEET,6
GURSEERAT,6
GURSIMRAN,6
HAAJRA,6
HADDY,6
HAJIRA,6
HAN,6
HANAH,6
HANASA,6
HARNOOR,6
HARPER-LOUISE,6
HARPER-MAI,6
HARSIMRAN,6
HASNA,6
HATICE,6
HAVEN,6
HAYAH,6
HAYLEIGH,6
HAZEL-GRACE,6
HEELA,6
HEMA,6
HENA,6
HENLEY,6
HETTI,6
HIKMAH,6
HILARY,6
HILDA,6
HINA,6
HIRANUR,6
HODAN,6
HOLLI,6
HONEY-MAE,6
HOORIYAH,6
HUMA,6
HUMAIRAA,6
HUMNA,6
IASMINA,6
IBUKUNOLUWA,6
IFRA,6
ILHAN,6
INAARA,6
INDYA,6
IONE,6
IRAM,6
ISA,6
ISHAAL,6
IULIA,6
IZABELE,6
IZNA,6
JAIMIE,6
JANANI,6
JENIFER,6
JENNIE,6
JESSI,6
JESSICA-LOUISE,6
JING,6
JOANA,6
JONELLE,6
JORGIE-MAE,6
JOSELYN,6
JULIETA,6
JULIJA,6
JUSTINA,6
KAAVYA,6
KACY,6
KADY,6
KAHLAN,6
KAIDENCE,6
KAISHA,6
KAIYAH,6
KAMILLA,6
KAMSIYOCHUKWU,6
KARMEN,6
KATYA,6
KAWTHAR,6
KAYLA-MAE,6
KAZI,6
KEAVIE,6
KENSA,6
KEYLA,6
KHAYRAH,6
KIA,6
KIERRA,6
KIYANA,6
KRISTEN,6
KRYSTAL-ROSE,6
LABIBA,6
LACEY-JO,6
LACEY-LEIGH,6
LAINEY-RAE,6
LAKE,6
LAMISA,6
LARIN,6
LATIFA,6
LATOYA,6
LEAH-MARIE,6
LEALA,6
LEONI,6
LETITIA,6
LEXA,6
LEXI-ANN,6
LEXI-GRACE,6
LEXIE-RAE,6
LEXIE-ROSE,6
LEXUS,6
LEYANA,6
LILLIE-GRACE,6
LILLIE-MARIE,6
LILLIE-RAE,6
LILLYANN,6
LILY-,6
LILY-ELLA,6
LILY-JO,6
LIVY,6
LIWSI,6
LIYANAH,6
LOREN,6
LORENNA,6
LOTTIE-LOU,6
LOTTIE-LOUISE,6
LUCY-ROSE,6
LUENA,6
LYANNA,6
MAAME,6
MACIE-RAE,6
MADELAINE,6
MADISYN,6
MADYSON,6
MAGDA,6
MAHIBAH,6
MALAAK,6
MALGORZATA,6
MANISHA,6
MANMEET,6
MANUELLA,6
MARLENA,6
MARY-ANNE,6
MARYJANE,6
MASAL,6
MASHAL,6
MASUMA,6
MAYLEE,6
MEDA,6
MEHWISH,6
MELIA,6
MERIAM,6
MERVE,6
MERYL,6
MIA-LILLY,6
MIJA,6
MILANI,6
MILLIE-ANNE,6
MILLIE-JO,6
MILLIE-LOUISE,6
MINNA,6
MINNIE-MAE,6
MINNIE-ROSE,6
MIRAL,6
MISBAH,6
MONET,6
MURPHY,6
MYANNA,6
MYLA-RAE,6
NAINIKA,6
NAISHA,6
NASREEN,6
NATALY,6
NATASZA,6
NAYLAH,6
NEELA,6
NEHIR,6
NEVAEH-GRACE,6
NEYA,6
NIARA,6
NIMRAT,6
NIOMI,6
NISHKA,6
NOAH,6
NOELIA,6
NOELLA,6
NOLAH,6
NOOR-UL-AIN,6
NOORIYA,6
NOORULAIN,6
NORI,6
NYASIA,6
NYLAH-ROSE,6
NYREE,6
OLIMPIA,6
OLUWAJOMILOJU,6
OMNIA,6
ONA,6
ORA,6
OREOLUWA,6
ORNELA,6
OTILIA,6
OUMOU,6
PAISLEIGH,6
PAOLA,6
PARNEET,6
PASCALE,6
PENNY-ROSE,6
PEPPER,6
PERSIA,6
PHEOBIE,6
PHOEBE-RAE,6
PIPPA-ROSE,6
RAAINA,6
RADIYAH,6
RAPHAELA,6
REA,6
REHAM,6
REMAS,6
RENA,6
RENAYAH,6
RENEA,6
RIANNE,6
RIDHI,6
RIHAM,6
RIVER-ROSE,6
RIVKAH,6
RIYAAN,6
ROMINA,6
ROSIE-LEE,6
RUBY-ANNE,6
RUBY-LOU,6
RUBY-RAE,6
RUDI,6
RUGILE,6
RUWAYDA,6
SAADIA,6
SACHA,6
SAFIRA,6
SAFOORAH,6
SAGE,6
SALEHA,6
SANDY,6
SANTANA,6
SARAN,6
SARAYAH,6
SEFORA,6
SELEN,6
SELENE,6
SEMA,6
SERINE,6
SERYN,6
SHAH,6
SHAHAD,6
SHAI,6
SHAIMA,6
SHAYA,6
SHAYE,6
SHOSHANA,6
SHREEYA,6
SIARA,6
SIENNA-GRACE,6
SIENNA-MAY,6
SILVA,6
SILVIE,6
SIMRAT,6
SKYLAR-MAE,6
SOFI,6
SOMAYA,6
SOPHIA-MAE,6
SOPHIE-MAE,6
SORIYAH,6
STACY,6
SUKAYNA,6
SUKIE,6
SULTAN,6
SUMMER-MAI,6
SURINA,6
SYDNEE,6
TAIA,6
TAIBAH,6
TALEEN,6
TALIYA,6
TAMZYN,6
TANZEELA,6
TARLIA,6
TEHREEM,6
TEMPERANCE,6
TESSIE,6
THIA,6
TIGER,6
TIGGY,6
TIMEEA,6
TUANA,6
TUPPENCE,6
UMAYMA,6
URWAH,6
VALERIJA,6
VITA,6
WAFA,6
WANIYA,6
WILHELMINA,6
WILLOW-MAY,6
YALDA,6
YOHANA,6
YOHANNA,6
YOLANDA,6
YVETTE,6
YVIE,6
ZAFREEN,6
ZAINAH,6
ZAREENAH,6
ZARIA,6
ZAYA,6
ZENNA,6
ZEYNEB,6
ZLATA,6
ZOLA,6
ZOSHA,6
ZULEKHA,6
AAMENAH,5
AATIKAH,5
ABBI,5
ABBIGAIL,5
ABRIANNA,5
ADA-ROSE,5
ADAH,5
ADELIA,5
ADEN,5
ADERYN,5
ADESUWA,5
ADITRI,5
AELLA,5
AFNAAN,5
AGOTA,5
AIKATERINI,5
AINHOA,5
AISHLEEN,5
AIYLAH,5
AIYSHA,5
AKILAH,5
AKSHITA,5
ALABAMA,5
ALAIYAH,5
ALAIZA,5
ALANYA,5
ALEEYA,5
ALETHEIA,5
ALEXA-MAE,5
ALEXA-ROSE,5
ALEXCIA,5
ALIANNA,5
ALICE-MAY,5
ALIYYAH,5
ALLIYAH,5
ALMAS,5
ALVINA,5
ALYANA,5
ALYCE,5
ALYSSA-MAE,5
ALYVIA,5
AMALA,5
AMALI,5
AMANPREET,5
AMAR,5
AMARYLLIS,5
AMAYA-ROSE,5
AMBERLY,5
AMELIYAH,5
AMELLIA,5
AMIEE,5
AMMAARAH,5
AMNAH,5
AMY-LEIGH,5
AMYRAH,5
ANAE,5
ANARA,5
ANEST,5
ANETA,5
ANGELINE,5
ANI,5
ANISHKA,5
ANNA-ROSE,5
ANNAH,5
ANNALEE,5
ANNALEIGH,5
ANNELIE,5
ANNMARIE,5
ANTHEA,5
ANVIKA,5
AOIBHE,5
AOIBHEANN,5
APOLONIA,5
ARABELLA-ROSE,5
ARIBA,5
ARIFAH,5
ARLENE,5
ARMINA,5
ARRIELLA,5
ARSEMA,5
ARSHI,5
ARUSHI,5
ARWAA,5
ASEES,5
AUREJA,5
AUTUMN-LILY,5
AVA-BELLE,5
AVINA,5
AWEL,5
AYALA,5
AYELET,5
AYESHAH,5
AYLA-GRACE,5
AYLA-MAE,5
AYLA-MAY,5
AYSHAH,5
AZMA,5
BAILEY-RAE,5
BARIN,5
BARLEY,5
BAYLA,5
BECCA,5
BELLA-GRACE,5
BETHANY-ROSE,5
BETHLEHEM,5
BETUL,5
BEYZA,5
BHAVIKA,5
BILLIE-ROSE,5
BOBBIE-LEIGH,5
BONNIE-MAY,5
BORA,5
BOUX,5
BRODY,5
CALEIGH,5
CALLIE-ROSE,5
CAMI-LI,5
CANDY,5
CAPRICE,5
CARLIE,5
CAROL,5
CATARINA,5
CATTLEYA,5
CAYDENCE,5
CECYLIA,5
CEMRE,5
CHARLIE-ROSE,5
CHIDINMA,5
CHINAZA,5
CHINENYE,5
CLARE,5
CODI,5
CODY,5
CONNIE-ROSE,5
CONSTANTINA,5
COOPER,5
CSENGE,5
DAMLA,5
DANEEN,5
DARCEY-RAE,5
DARCIA,5
DAWN,5
DEETYA,5
DEIMANTE,5
DELCIE,5
DELORES,5
DELYTH,5
DENA,5
DEXIE,5
DEYA,5
DHRITI,5
DIALA,5
DIMA,5
DIOR,5
DIORA,5
DISHITA,5
DIYANA,5
DIYANAH,5
DOLLIE-RAE,5
DOLLIE-ROSE,5
DOLLY-RAE,5
EADY,5
ECEM,5
EDNA,5
EEVA,5
EFRATA,5
EILAH,5
EILISH,5
EIMAN,5
ELEANOR-ROSE,5
ELEEN,5
ELENE,5
ELESHA,5
ELHAM,5
ELIS,5
ELISHEBA,5
ELISKA,5
ELIZE,5
ELLA-JADE,5
ELLAH,5
ELLANA,5
ELLEE,5
ELLIEMAY,5
ELLIOTT,5
ELLISA,5
ELLIW,5
ELOUISA,5
ELSA-MAY,5
ELSIE-ANN,5
ELSIE-LOU,5
ELSIE-LOUISE,5
EMAYA,5
EMELY,5
EMERITA,5
EMILIANA,5
EMIRA,5
EMMA-JANE,5
EMMA-ROSE,5
ENIJA,5
ERIOLUWA,5
ESME-LOUISE,5
ESME-RAE,5
EVAH,5
EVALINE,5
EVALYNN,5
EYSAN,5
FABIANA,5
FAIGY,5
FALISHA,5
FALON,5
FARIDAH,5
FARRYN,5
FARYAAL,5
FARZANA,5
FATUMA,5
FILIPA,5
FILZA,5
FIZZAH,5
FRAIYA,5
FRANKI,5
FRANKIE-LEE,5
FRANKIE-MAE,5
FRANKIE-MAI,5
FREYA-LOUISE,5
GABIA,5
GEORGI,5
GERGANA,5
GHINA,5
GIADA,5
GIGI,5
GILA,5
GRACE-MARIE,5
GRACELYN,5
GRACIE-ANNE,5
GRACIE-JO,5
GURBANI,5
HAAJAR,5
HABEEBAH,5
HADYA,5
HAFIZA,5
HAJARA,5
HAJER,5
HALLE-MAE,5
HALLE-RAE,5
HALLIE-RAE,5
HALO,5
HANEEFAH,5
HANNAH-ROSE,5
HARKIRAT,5
HARLYN,5
HARMANI,5
HARSHITA,5
HASANAT,5
HAWAA,5
HEIDI-MAE,5
HELENE,5
HENNESSY,5
HENNY,5
HOLLIE-MAI,5
HOLLY-MAE,5
HOLLY-MAY,5
HUMAIRAH,5
HUSNAA,5
IFUNANYA,5
ILLIANA,5
IMOGEN-LOUISE,5
INDI-ROSE,5
INDIAH,5
INKA,5
INSHIRAH,5
INSIYA,5
ISABELLA-MAE,5
ISLA-BEAU,5
ISSABELLA,5
IVEY,5
IVY-LEIGH,5
IWINOSA,5
IYLAH-MAE,5
IZA,5
JAIMEE,5
JANIAH,5
JANNATH,5
JASNOOR,5
JASREET,5
JAYCEE-LEIGH,5
JEANETTE,5
JEEYA,5
JENA,5
JENIKA,5
JENISHA,5
JESSICA-MAE,5
JESSICA-MAI,5
JESSIE-MAY,5
JHENE,5
JORDYN,5
JOUD,5
JOWITA,5
JUANITA,5
JUDI,5
JULES,5
JUMAIMAH,5
JUMANAH,5
JUNAINAH,5
JUSTYNA,5
JUWAYRIYA,5
KACI-MAI,5
KADIJAH,5
KAELA,5
KAIDA,5
KALAYA,5
KALEESI,5
KALEY,5
KAMI,5
KARISHMA,5
KARLEIGH,5
KASHAF,5
KASHMALA,5
KASSANDRA,5
KATELIN,5
KATIA,5
KATIE-LEIGH,5
KATJA,5
KAYLA-MAY,5
KAYNA,5
KAYRA,5
KEELA,5
KEILA,5
KEITIJA,5
KENAYA,5
KENNA,5
KERIS,5
KETRIN,5
KETURAH,5
KHADIZA,5
KHANSA,5
KHIVI,5
KIARAH,5
KIMI,5
KIMMY,5
KIRAH,5
KIRSTIE,5
KIYAH,5
KIYANNA,5
KLEO,5
KUMBA,5
KYLA-ROSE,5
LAETITIA,5
LAINA,5
LAINIE,5
LANIA,5
LANIE,5
LATAYA,5
LATISHA,5
LAURELLE,5
LAYLA-ANN,5
LAYLA-JAI,5
LAYNIE,5
LEAH-MAY,5
LEILA-MAY,5
LELIA,5
LENNON,5
LEXI-JAYNE,5
LEXI-LOU,5
LEYLAH,5
LIAN,5
LIBBY-MAE,5
LIBBY-ROSE,5
LIGIA,5
LILLY-ELLA,5
LILY-BELLE,5
LILY-JAYNE,5
LILY-MARIE,5
LILYA,5
LILYMAE,5
LIVI,5
LIVIAH,5
LLEUCU,5
LLIO,5
LOLA-BELLE,5
LOLA-MARIE,5
LOLITA,5
LORETA,5
LOUELLA,5
LOURDES,5
LUCHIA,5
LUCIE-MAE,5
LUMEN,5
LUNAR,5
LYLAH-ROSE,5
LYLIA,5
LYRA-ROSE,5
MAARYA,5
MABELLE,5
MACEY-LEIGH,5
MACIE-MAE,5
MADILYN,5
MADISSON,5
MAHNAZ,5
MAISIE-JAYNE,5
MAISIE-MAI,5
MAITRI,5
MAIZA,5
MAIZEE,5
MALEAH,5
MANYA,5
MAPLE,5
MARANATHA,5
MARCEY,5
MARCI,5
MARGED,5
MARGHERITA,5
MARY-KATE,5
MARYANN,5
MASSA,5
MAYARA,5
MAYBELLE,5
MAYLIE,5
MCKAYLA,5
MEABH,5
MEAGAN,5
MEAH,5
MEDINE,5
MEGAN-ROSE,5
MEHRISH,5
MEIDA,5
MEIRA,5
MELA,5
MELIKE,5
MELODY-ROSE,5
MEMPHIS,5
MENA,5
MIA-JADE,5
MIA-JAYNE,5
MIA-MAE,5
MIA-RAE,5
MIABELLA,5
MICHAELLA,5
MILLER,5
MIRABEL,5
MITZIE,5
MIYAH-ROSE,5
MMESOMACHUKWU,5
MOLLY-MAI,5
MORENA,5
MUQADAS,5
MYAH-ROSE,5
MYKA,5
MYLA-MAE,5
MYLEIGH,5
NABIHAH,5
NAEVIA,5
NAIYAH,5
NANCY-MAY,5
NARCISA,5
NARIYAH,5
NARJIS,5
NAYLAA,5
NAYRA,5
NEFELI,5
NEFERTARI,5
NIVA,5
NIYLA,5
NMA,5
NYASHA,5
NYRA,5
OCEAN-ROSE,5
OCEANE,5
OLACHI,5
OLANNA,5
OLIVIJA,5
OLUCHI,5
OMOTARA,5
ORLA-MAE,5
ORLAH,5
OVIYA,5
OYINKANSOLA,5
PAIGNTON,5
PARISHA,5
PARISHAY,5
PAULINE,5
PENDA,5
PENELOPE-ROSE,5
PESSY,5
PEYTON-ROSE,5
PHOEBE-LEIGH,5
PIXIE-MAE,5
POPPY-JO,5
PURDY,5
RABIAH,5
RACHEAL,5
RAIN,5
RALUCA,5
RAMNEEK,5
RASEEL,5
RATEEL,5
RAVENNA,5
REANNA,5
RENAYA,5
REYHANA,5
RHIANNE,5
RIMA,5
RIONA,5
RISHITA,5
RITHIKA,5
ROMEY,5
ROMILY,5
RONIKA,5
RONNIE-MAE,5
RONNIE-MAY,5
ROSALEA,5
ROSALINA,5
ROSIE-ANN,5
ROSIE-ANNE,5
ROWENA,5
ROXY-LEIGH,5
RUBIE-MAE,5
RUBY-LEA,5
RUKIA,5
RUMER,5
RUQAIYYAH,5
RUQAYAH,5
RUSHIKA,5
RUT,5
RUVARASHE,5
SABEEHA,5
SABEEN,5
SADIE-RAE,5
SAFOORA,5
SAHEJ,5
SAKEENAH,5
SAMREET,5
SANTANNA,5
SAPHIA,5
SAPPHIRA,5
SARLOTA,5
SAVANAH,5
SAVANNAH-LEIGH,5
SAWYER,5
SCARLETT-GRACE,5
SCARLETTE-ROSE,5
SEHAR,5
SHANAI,5
SHANAY,5
SHANELLE,5
SHAYMA,5
SHIRIN,5
SIENNA-LEIGH,5
SIMI,5
SIONA,5
SIRAT,5
SKYE-LOUISE,5
SKYELA,5
SKYLA-LEIGH,5
SKYLAR-RAE,5
SLOANE,5
SNEHA,5
SOPHIE-ANNE,5
SOPHIE-GRACE,5
SOPHIE-MAY,5
SOUMAYA,5
SOUMYA,5
SU,5
SUFIA,5
SUMAIRA,5
SUMMAYAH,5
SUNSHINE,5
SURIYAH,5
SURRAYA,5
SUSANA,5
SUZANNAH,5
TABITA,5
TAISIA,5
TALEAH,5
TALLULA,5
TAMIA,5
TAMILORE,5
TAMIRA,5
TAMIYA,5
TANSY,5
TASMIYAH,5
TATE,5
TAYLOR-MAE,5
TAYLOR-ROSE,5
TELERI,5
TEMILADE,5
TENIOLA,5
TESTIMONY,5
THAIS,5
THEA-GRACE,5
THERESE,5
THURAYA,5
TIA-LOUISE,5
TIGER-LILLY,5
TILLIE-ROSE,5
TILLY-ANNE,5
TUBA,5
TYANNA,5
TYLA,5
UMAIRAH,5
UMARAH,5
UZMA,5
VADA,5
VANIA,5
VEDIKA,5
VENICE,5
VICTOIRE,5
VICTORY,5
VINA,5
VIOLETA,5
VIVA,5
WAJEEHA,5
WARDA,5
YASHFA,5
YING,5
YLVA,5
YOCHEVED,5
ZALA,5
ZANIYAH,5
ZARWA,5
ZEINAB,5
ZELAL,5
ZEMIRAH,5
ZERYA,5
ZIKRA,5
ZILAN,5
ZINA,5
ZIVAH,5
ZOJA,5
ZUBAIDA,5
ZUHA,5
ZULAIKHA,5
ZULEYHA,5
ZUZA,5
AAHANA,4
AAHNA,4
AALIMAH,4
AAMAL,4
AAMANEE,4
AAMAYA,4
AARIANA,4
AARIKA,4
AARZOO,4
AAVA,4
AAYA,4
ABEER,4
ADALIA,4
ADDYSON,4
ADEL,4
ADELLE,4
ADESEWA,4
ADRIEL,4
ADWOA,4
AERITH,4
AFSAH,4
AFSANA,4
AGAMJOT,4
AGNE,4
AIMEE-LEIGH,4
AIMIE,4
AISLINN,4
AISSATA,4
AJLA,4
AKEELAH,4
AKOSUA,4
AKSHARAA,4
AKVILE,4
ALANNAH-MAE,4
ALANTIS,4
ALARNIE,4
ALAURA,4
ALAYLA,4
ALAYSIA,4
ALEASHA,4
ALEEN,4
ALEXIA-MAE,4
ALEXYS,4
ALICE-MAE,4
ALIN,4
ALISHAH,4
ALISHBAH,4
ALISSE,4
ALIZ,4
ALIZAY,4
ALIZE,4
ALYSSIA-MAE,4
AMAARAH,4
AMAIRAH,4
AMANAT,4
AMANDEEP,4
AMBER-LOUISE,4
AMBIKA,4
AMEELAH,4
AMEIRA,4
AMELIA-LEIGH,4
AMELIA-MARIE,4
AMERIE,4
AMIERA,4
AMIKA,4
AMILIE,4
AMITY,4
AMY-GRACE,4
AMYAH,4
AMYLIA,4
ANABETH,4
ANAGHA,4
ANAUM,4
ANCA,4
ANDRADA,4
ANDRIA,4
ANGELIE,4
ANISE,4
ANIYAH-ROSE,4
ANJANA,4
ANN-MARIE,4
ANNA-MAE,4
ANNA-SOPHIA,4
ANNALEA,4
ANNEKA,4
ANNELIESE,4
ANNORA,4
ANOKHI,4
ANVITA,4
AOIFE-BELLE,4
APARNA,4
ARADHANA,4
ARI,4
ARIA-MAE,4
ARIADNA,4
ARIAL,4
ARMAANI,4
ARMELA,4
ARNIKA,4
ARYAM,4
ARYIA,4
ASAL,4
ASENATH,4
ASHIRA,4
ASHLIE,4
ASHTON,4
ASLI,4
ASTA,4
ASTRA,4
ATENE,4
ATIYAH,4
ATLANTIS,4
AUDRA,4
AUGUST,4
AURAYA,4
AVA-JANE,4
AVAIYA,4
AVALEE,4
AVARNI,4
AVIKA,4
AWIN,4
AXELLE,4
AYANE,4
AYCA,4
AYLEEN,4
AYSU,4
AYUSHI,4
AYZAH,4
AZURA,4
BAANI,4
BAILA,4
BAILEY-MAY,4
BAKHTAWAR,4
BALQEES,4
BALQIS,4
BANA,4
BANI,4
BARIRAH,4
BAYE,4
BAYLIE,4
BEATA,4
BEATRIS,4
BEE,4
BELLA-MAY,4
BELLAROSE,4
BELLATRIX,4
BENEDICTE,4
BERTA,4
BERYL,4
BETSY-RAE,4
BETTE,4
BETTINA,4
BEYLA,4
BHAVNEET,4
BHAVYA,4
BILAN,4
BILLI,4
BILQIS,4
BINTA,4
BINTOU,4
BIRDIE,4
BISMAH,4
BOBBI-JO,4
BOBBIE-ROSE,4
BOBBY,4
BOUCHRA,4
BOZHIDARA,4
BRIENNE,4
BRIGITTE,4
BRONAGH,4
BROOK,4
BRUNA,4
BUSE,4
CADIE,4
CAELYN,4
CAIRA,4
CAMELLIA,4
CAMI,4
CAOILAINN,4
CAREY,4
CARMELA,4
CASSIDY-ROSE,4
CATELYN,4
CATHRYN,4
CEINWEN,4
CERIDWEN,4
CEYDA,4
CHARLEA,4
CHARLOTTE-MAY,4
CHARLY,4
CHARVI,4
CHASE,4
CHAVI,4
CHELSEA-LEIGH,4
CHEN,4
CHEYANNE,4
CHLOE-MAY,4
CHRISSY,4
CHRISTY,4
CLARA-ROSE,4
CLEMENTINA,4
CLOE,4
COMFORT,4
CONNIE-LEIGH,4
CONSTANZA,4
CRYSTAL-ROSE,4
CYRA,4
DAANIA,4
DAISY-LEE,4
DANAI,4
DANNA,4
DARASIMI,4
DARCEY-LEIGH,4
DARLENE,4
DARLIA,4
DAVEENA,4
DEEQA,4
DEINA,4
DELARA,4
DELCIA,4
DELILAH-MAE,4
DELPHIE,4
DEMI-MAE,4
DENI,4
DENVER,4
DESPINA,4
DEVYN,4
DHARA,4
DHRIYA,4
DHYANI,4
DIJA,4
DILA,4
DILEK,4
DINARA,4
DIONNE,4
DOAA,4
DOHA,4
DONNA,4
DOUNIA,4
DRISHTI,4
DULCE,4
DUSTY,4
EBUNOLUWA,4
EDEN-MAE,4
EIMAAN,4
EIMEAR,4
EIRWEN,4
EIRYS,4
EISHA,4
ELANNA,4
ELANUR,4
ELBA,4
ELEEZA,4
ELIM,4
ELITSA,4
ELIYA,4
ELIZA-MAI,4
ELIZABETA,4
ELIZABETE,4
ELKE,4
ELLA-LEIGH,4
ELLAMAY,4
ELLIE-,4
ELLIE-JANE,4
ELLIE-JAYNE,4
ELLISON,4
ELLISSIA,4
ELMIRA,4
ELNA,4
ELODIE-ROSE,4
ELONA,4
ELSA-MAE,4
ELSEY,4
ELSIE-LEIGH,4
ELYA,4
ELYSA,4
EMEILIA,4
EMILIA-MAE,4
EMILIE-MAE,4
EMMIE-LEIGH,4
EMMIE-MAE,4
EMMIE-RAE,4
EMY,4
ENAS,4
ENNA,4
ENXI,4
EPONINE,4
ERLA,4
ESEOGHENE,4
ESEOSA,4
ESHANI,4
ESMANUR,4
ESMEE-LOUISE,4
ESMI,4
ESZTER,4
EVA-LILY,4
EVEE,4
EVELEEN,4
EVELYN-MAE,4
EVELYNA,4
EVIE-JAI,4
EVIE-JEAN,4
EVIE-LOU,4
EVIE-LYNN,4
EVIN,4
EVY,4
EYLA,4
EZINNE,4
EZMIE,4
FAIHA,4
FAREEDAH,4
FARHANA,4
FATHEMA,4
FATIMATOU,4
FATUMATA,4
FAUSTINA,4
FIRDAUS,4
FIZAH,4
FIZZA,4
FLORENCE-ROSE,4
FLOURISH,4
FRANCESCA-ROSE,4
FREYA-GRACE,4
GEET,4
GHALA,4
GILLIAN,4
GINNY,4
GIZEM,4
GOLDY,4
GRACIE-ANN,4
GUNEET,4
GURSHARAN,4
GWENNA,4
HA,4
HAADIA,4
HAALA,4
HADEEQA,4
HAF,4
HAILEE,4
HALIA,4
HALINA,4
HALLI,4
HANEET,4
HANI,4
HANNAH-MAE,4
HARAM,4
HARBOR,4
HARBOUR,4
HARLEY-MAE,4
HARLEY-ROSE,4
HARLOW-ROSE,4
HARMAN,4
HARPER-LEE,4
HASENAT,4
HASTI,4
HATTI,4
HATTY,4
HAVVA,4
HAWAH,4
HAWWAA,4
HAWWAH,4
HEEYA,4
HEIDI-LEIGH,4
HEIDI-ROSE,4
HENNIE,4
HIJAB,4
HIND,4
HOLLIE-LOUISE,4
HOLLIE-ROSE,4
HOLLY-ANN,4
HOLLY-MARIE,4
HUMAYRAA,4
HUSAINA,4
IANTHE,4
IBTISAM,4
IDA-ROSE,4
IESHA,4
IFZA,4
IKHLAAS,4
ILEANA,4
ILHAAM,4
ILIYA,4
ILLIYEEN,4
ILLYANA,4
IMANE,4
INCI,4
INDI-RAE,4
INDIYA,4
INNAYA,4
IOLI,4
IQRAH,4
IRFA,4
IRIE,4
ISABELLA-MAI,4
ISABELLA-MAY,4
ISABELLE-GRACE,4
ISHANA,4
ISHRAT,4
ISIS,4
ISLA-JANE,4
ISLA-MARIE,4
ISLAH,4
ISMAY,4
IUDITA,4
IUSTINA,4
IVAYLA,4
IYLA-RAE,4
IZABELL,4
IZOBEL,4
IZZABELLE,4
IZZI,4
JACINTA,4
JAEL,4
JAHZARA,4
JAIME-LEIGH,4
JAINA,4
JAINABA,4
JAMEELAH,4
JAMIMA,4
JANAN,4
JANAYA,4
JANINA,4
JANIYA,4
JANNET,4
JASROOP,4
JASVEEN,4
JAWERIA,4
JAYCIE,4
JAYMIE-LEIGH,4
JAYNA,4
JEANELLE,4
JEENA,4
JEEVIKA,4
JENNI,4
JEORGIA,4
JERSIE,4
JERUSHA,4
JESSEY,4
JESSICA-JANE,4
JESSIE-MAE,4
JEYDA,4
JIMENA,4
JINAN,4
JODY,4
JOELY,4
JOMANA,4
JONA,4
JOSEFIN,4
JOSIE-MAY,4
JOURY,4
JUDYTA,4
JULITA,4
JUMAYMAH,4
JUPITER,4
JURI,4
JUWARIYAH,4
KACI-LEIGH,4
KACIE-MAE,4
KADDY,4
KADENCE,4
KAELYN,4
KAILYN,4
KAITLYNN,4
KAITLYNNE,4
KAMARA,4
KAMIYAH,4
KAREEMA,4
KAREEMAH,4
KARISHA,4
KARLIE,4
KARYS,4
KASIE,4
KATALEYA,4
KATALIN,4
KATALINA,4
KATIE-MAI,4
KATIE-MAY,4
KAYAL,4
KAYLIE,4
KEELEIGH,4
KEIKO,4
KELSEA,4
KENIA,4
KERENZA,4
KESHA,4
KEYSHA,4
KHADEJA,4
KHATIJA,4
KHIANNA,4
KHIRAD,4
KIANI,4
KIARA-LEIGH,4
KIAYA,4
KIERA-ROSE,4
KIESHA,4
KIMIA,4
KINSEY,4
KITANA,4
KIYARA,4
KLAUDIJA,4
KODIE,4
KOMAL,4
KORI,4
KOSISOCHUKWU,4
KRINA,4
KRISTA,4
KRISTIN,4
KSENIJA,4
KUBRA,4
KULSOOM,4
KUSHI,4
KYLA-MAE,4
KYMORA,4
KYNA,4
KYRA-LEIGH,4
LACEY-GRACE,4
LADY,4
LAEL,4
LAELIA,4
LAICEE,4
LAILA-MAI,4
LAILA-MAY,4
LAMEES,4
LAMIA,4
LAMORNA,4
LANO,4
LARA-ROSE,4
LAYCEE,4
LAYLA-JAYNE,4
LAYLA-LEIGH,4
LAYLA-LOUISE,4
LAYLA-MARIE,4
LAYYANAH,4
LEELAH,4
LEILA-MAE,4
LELIANA,4
LEMA,4
LENKA,4
LENNI,4
LENNIE,4
LEVANA,4
LEXI-LEE,4
LEXIE-LEIGH,4
LEXIE-LOUISE,4
LEXIE-MAI,4
LEYAH,4
LEYNA,4
LIANNE,4
LIBERTY-ROSE,4
LIELLE,4
LILA-GRACE,4
LILEE,4
LILIAH,4
LILIAN-ROSE,4
LILLIEROSE,4
LILLY-JANE,4
LILLYANA,4
LILY-ANNA,4
LILY-JANE,4
LILY-LOUISE,4
LILYBELLE,4
LILYBETH,4
LINDSAY,4
LING,4
LISA-MARIE,4
LISBETH,4
LISHA,4
LISSY,4
LIYAA,4
LIYAANA,4
LIYAN,4
LIYLAH,4
LIZZY,4
LLANA,4
LONA,4
LORDINA,4
LORRAINE,4
LOUANNE,4
LOWEN,4
LUANNA,4
LUCIANNA,4
LUCIENNE,4
LUCY-ANN,4
LUCY-JO,4
LUCY-LOU,4
LUIZE,4
LULABELLE,4
LULAH,4
LUMI,4
LUSIA,4
LYCIA,4
LYDIA-MAE,4
LYDIA-MAY,4
LYLA-GRACE,4
MAANYA,4
MACY-RAE,4
MADALINA,4
MADDISON-RAE,4
MADIHAH,4
MAEBY,4
MAFALDA,4
MAGGI,4
MAGGIE-ROSE,4
MAGNOLIA,4
MAHALIA,4
MAHIA,4
MAHIYA,4
MAHLIA,4
MAHNUR,4
MAHRUKH,4
MAHSA,4
MAIA-ROSE,4
MAICEE,4
MAICIE,4
MAIJA,4
MAIR,4
MAISIE-LEE,4
MAISIE-LOU,4
MAISIE-MAY,4
MAISY-LEIGH,4
MAJKA,4
MALAYAH,4
MALIAH,4
MALIYA,4
MANAHAL,4
MANASVI,4
MANROOP,4
MAREN,4
MARGARIDA,4
MARIGOLD,4
MARILENA,4
MARIN,4
MARLEY-RAE,4
MARLY,4
MARY-JAYNE,4
MARY-ROSE,4
MARYLOU,4
MASA,4
MATTY,4
MAUD,4
MAUDE,4
MAYSAM,4
MAYSARAH,4
MEEYA,4
MEHJABEEN,4
MEHRAB,4
MEHVISH,4
MEISHA,4
MEKLIT,4
MELANY,4
MELIKA,4
MELLISSA,4
MERLE,4
MERVEILLE,4
MERYN,4
MEYA,4
MHAIRI,4
MIA-BELLA,4
MICA,4
MILAGROS,4
MILDA,4
MILEY-ROSE,4
MILLY-MAY,4
MILLY-ROSE,4
MIREL,4
MIROSLAVA,4
MISAKI,4
MISSIE,4
MIYLA,4
MODESIRE,4
MOFIYINFOLUWA,4
MOLLIE-ANNE,4
MOLLIE-RAE,4
MOMINAH,4
MORAYO,4
MUQADDAS,4
MUSKA,4
MYFI,4
MYIAH,4
MYLA-MAY,4
NAA,4
NAAIRAH,4
NABEELAH,4
NAEEMAH,4
NAFEESAH,4
NAFISAH,4
NAKSHATRA,4
NALEDI,4
NAMEERA,4
NAMIRAH,4
NANCY-LEIGH,4
NANKI,4
NARIAH,4
NARLA,4
NASMA,4
NASRA,4
NATALIJA,4
NATALIYA,4
NATHANIA,4
NAVREET,4
NAWAAL,4
NEA,4
NECTARIA,4
NELIA,4
NELLIE-MAE,4
NELLIE-RAE,4
NELLIE-ROSE,4
NENA,4
NEVAEH-MARIE,4
NEVAYAH,4
NICOLETA,4
NICOLLE,4
NIKKITA,4
NIKOLE,4
NIMRIT,4
NIMRITA,4
NIRVAIR,4
NIRVI,4
NISHIKA,4
NIYLAH,4
NNEKA,4
NNENNA,4
NOHA,4
NOURAH,4
NOVALEE,4
NURAN,4
NUWAIRA,4
NYSHA,4
OAKLEIGH,4
OGECHUKWU,4
OLIVIA-JANE,4
OLIVIA-JEAN,4
OLIVIA-MARIE,4
OLWEN,4
OMERA,4
OMOLOLA,4
ONYINYECHUKWU,4
ORIANE,4
ORIELLA,4
ORISSA,4
ORLI,4
ORLY,4
OTTILIA,4
OTTOLINE,4
OTYLIA,4
OYINDAMOLA,4
PAISLEY-GRACE,4
PANNA,4
PARNIKA,4
PATRISIA,4
PAZ,4
PEBBLES,4
PEGGIE,4
PEONY,4
PERRIE-ROSE,4
PHIA,4
PHOEBE-MAI,4
PHOENIX-ROSE,4
PIHU,4
PIPER-ROSE,4
PIXIE-RAE,4
PIYA,4
POLLIE,4
POPPY-MARIE,4
PRABHGUN,4
PRABHNOOR,4
PRINCY,4
PRISCA,4
PRIYANKA,4
PRIYANSHI,4
PRUE,4
PURVI,4
QUORRA,4
RAAMEEN,4
RADIYA,4
RAELLE,4
RAIA,4
RAMISA,4
RAMLAH,4
RANDA,4
RAPHAELLE,4
RAQUEL,4
RAVLEEN,4
RAYHANA,4
RAZ,4
RAZAAN,4
RED,4
REENA,4
REETAL,4
REHA,4
REIZEL,4
REMA,4
REMAYA,4
REMIE,4
RENAI,4
RENE,4
RENESMAY,4
RHEYA,4
RIKKI,4
RIM,4
RINA,4
RINAD,4
RITIKA,4
RITISHA,4
RIVER-LEIGH,4
RIYANA,4
ROAA,4
RODINA,4
ROJA,4
ROMAYA,4
RONIA,4
RONNIE-LEIGH,4
ROSALEIGH,4
ROSEANN,4
ROSELLA,4
ROSHA,4
ROSIE-GRACE,4
ROSIE-JANE,4
RUBI-MAE,4
RUBY-JANE,4
RUBY-JEAN,4
RUCHI,4
RUHAMA,4
RUKAIYA,4
RUMAYSAA,4
RUO,4
RUSHDA,4
RUTA,4
RYA,4
RYLEA,4
SAADIYA,4
SABEEKA,4
SADIE-MAE,4
SAFEEYA,4
SAFFI,4
SAGA,4
SAINA,4
SAJIDA,4
SALIHAH,4
SALSABEEL,4
SAMIAH,4
SAMRAH,4
SANAYAH,4
SANCHIA,4
SANIYAH,4
SANIYYA,4
SANJIDA,4
SAPPHIRE-ROSE,4
SAREENA,4
SAROOP,4
SARYA,4
SAUDA,4
SAVANNAH-MAI,4
SAVINA,4
SAVREEN,4
SAWDA,4
SAYEDA,4
SAYURI,4
SAYYEDA,4
SCARLETT-MARIE,4
SCARLETT-MAY,4
SEANA,4
SEANNA,4
SEHEJ,4
SEHRISH,4
SERA,4
SERAYA,4
SERAYAH,4
SERRA,4
SETAYESH,4
SHAAM,4
SHABNAM,4
SHAMISO,4
SHANAIYA,4
SHANEL,4
SHANTEL,4
SHANYA,4
SHARIFAH,4
SHARLEEZ,4
SHARNA,4
SHARNI,4
SHAYLEE,4
SHAYLEIGH,4
SHELBIE,4
SHERIDAN,4
SHI,4
SHIFAA,4
SHIREEN,4
SHYA,4
SIBEL,4
SIENNA-LOUISE,4
SIMA,4
SIMARPREET,4
SIMISOLA,4
SINAI,4
SIRIN,4
SIYONA,4
SKAISTE,4
SKYE-ROSE,4
SKYLAR-MAI,4
SKYLAR-MAY,4
SOFIA-MAE,4
SOFIAH,4
SOLANA,4
SOLOMIA,4
SONA,4
SONALI,4
SOPHIA-LEIGH,4
SOPHIE-LOUISE,4
SOPHY,4
STACIE,4
STEFANI,4
STUTI,4
SUAD,4
SUMEYYE,4
SUMMER-LEIGH,4
SUMMER-MAE,4
SUNAINA,4
SURABHI,4
SURIYA,4
SUSANNE,4
SYDNEY-RAE,4
SYDNEY-ROSE,4
TABASUM,4
TAJA,4
TAL,4
TALAH,4
TALLIS,4
TAMARAH,4
TAMIAH,4
TANAE,4
TASFIA,4
TASHI,4
TASMIN,4
TASNIA,4
TATENDA,4
TAVIA,4
TAWANA,4
TAWNY,4
TAYANA,4
TAYBA,4
TAYYABA,4
TAYYIBA,4
TEA,4
TERRI,4
THELMA,4
TIARAOLUWA,4
TILLIE-MAI,4
TILLY-MAI,4
TIRION,4
TIYANA,4
TOOBA,4
TORI-LEIGH,4
TORIE,4
TREASURE,4
TSION,4
TULISHA,4
TULSI,4
TWYLA,4
UMAYNAH,4
UMAYRAH,4
UMMAYAH,4
UMME-HABIBA,4
UNAISAH,4
USWA,4
VANSHIKA,4
VANYA,4
VERENA,4
VIDYA,4
VIHA,4
VIHANA,4
VIMBAINASHE,4
VIYA,4
VRINDA,4
WAJIHA,4
WINNY,4
XI,4
XINYI,4
YSABELLA,4
YUHAN,4
YULIA,4
YUSRAH,4
ZAINUB,4
ZAIRAH,4
ZAKIRAH,4
ZANETA,4
ZAREEN,4
ZARISH,4
ZAYAH,4
ZELAH,4
ZIANA,4
ZUHRA,4
ZURIEL,4
ZYRA,4
AABIDAH,3
AABISH,3
AAEESHA,3
AAFREEN,3
AAIZA,3
AAKIFA,3
AALA,3
AALIYAH-MAI,3
AALIYAH-MAY,3
AAMENA,3
AAMIRAH,3
AANAYA,3
AANIKA,3
AARATHANA,3
AARIFA,3
AARIFAH,3
AARYANA,3
AASTHA,3
AAYANA,3
AAYLIAH,3
AAYRAH,3
AAZEEN,3
ABBIE-MAE,3
ABBIE-ROSE,3
ABIA,3
ABIGAYLE,3
ABIGEL,3
ABIRA,3
ABISHA,3
ABRIELLA,3
ABRIELLE,3
ABYAN,3
ABYGAIL,3
ADA-MAY,3
ADALIE,3
ADAN,3
ADANA,3
ADARA,3
ADDIENA,3
ADEBOLA,3
ADEELA,3
ADEEVA,3
ADRIANNE,3
ADRIELLE,3
AFEEFAH,3
AFIFAH,3
AFIZAH,3
AFRIDA,3
AFSEEN,3
AIDEL,3
AIESHA,3
AIKO,3
AIMEE-LEE,3
AIMEE-ROSE,3
AIMEN,3
AINA,3
AINSLEY,3
AISLIN,3
AISTE,3
AITANA,3
AIYAT,3
AIYZAH,3
AKASHA,3
AKI,3
AKIFAH,3
AKIRAH,3
AKSHATA,3
AKSHAYAH,3
ALAIA-MAI,3
ALANA-MAE,3
ALANTA,3
ALAYAH-ROSE,3
ALBA-ROSE,3
ALBINA,3
ALEEMAH,3
ALEENAH,3
ALEEZAY,3
ALEGRA,3
ALERO,3
ALETTA,3
ALEXANDRINA,3
ALI,3
ALICA,3
ALICE-JANE,3
ALICE-MARIE,3
ALIKI,3
ALIMAH,3
ALINAH,3
ALJAWHARAH,3
ALLE,3
ALREEM,3
ALYANNA,3
ALYSA,3
ALYZAH,3
AMAIMA,3
AMALEE,3
AMARA-ROSE,3
AMARIYAH,3
AMARPREET,3
AMAYA-RAE,3
AMBER-GRACE,3
AMBRA,3
AMEDEEA,3
AMELA,3
AMELIA-,3
AMELIA-FAITH,3
AMELIA-FAYE,3
AMELIA-JEAN,3
AMELIE-MAE,3
AMELJA,3
AMELYA,3
AMILEE,3
AMITA,3
AMIYAH-ROSE,3
AMOUR,3
AMREECE,3
AMYLEIGH,3
ANA-LUCIA,3
ANABIYA,3
ANAELLE,3
ANAIS-ROSE,3
ANAISHA,3
ANALEIGH,3
ANALISE,3
ANAMARIA,3
ANAMIKA,3
ANANNYA,3
ANANYAA,3
ANDIA,3
ANDZELIKA,3
ANESA,3
ANESU,3
ANETTA,3
ANGELENE,3
ANILA,3
ANINA,3
ANIQA,3
ANJIKA,3
ANNABEL-ROSE,3
ANNALYSE,3
ANNEST,3
ANNIE-MAI,3
ANNIE-RAE,3
ANNIS,3
ANNMARIA,3
ANNYA,3
ANOUSKA,3
ANTONIA-MARIA,3
ANUOLUWA,3
ANUREET,3
ANYA-ROSE,3
ANYAH,3
ANZAL,3
AOIBHINN,3
APOLLINE,3
AQSAH,3
ARABELLA-GRACE,3
ARESHA,3
ARIAM,3
ARIANAH,3
ARIANNA-ROSE,3
ARIBELLA,3
ARIENNA,3
ARIENNE,3
ARIETTA,3
ARIJ,3
ARIJA,3
ARIONA,3
ARIYAH-ROSE,3
ARJIN,3
ARLA-ROSE,3
ARLEYA,3
ARLIE,3
ARLO,3
ARNICA,3
ARUSHA,3
ARYAHI,3
ARZU,3
ASFIYA,3
ASHALINA,3
ASHER,3
ASHIKA,3
ASHLEIGH-ROSE,3
ASHLING,3
ASHMEET,3
ASHMITA,3
ASMAH,3
ASMARA,3
ASTERA,3
ATALYA,3
ATARA,3
ATENA,3
ATHALIE,3
ATINUKE,3
ATTICA,3
AUBREY-ROSE,3
AUDEN,3
AUGUSTA,3
AUKSE,3
AURELIJA,3
AURI,3
AURIANNA,3
AURORA-MAE,3
AVA-,3
AVA-JAYNE,3
AVA-LILLIE,3
AVA-RAI,3
AVANA,3
AVANGELINE,3
AVANNAH,3
AVELYN,3
AVIAH,3
AVITAL,3
AVREET,3
AYAANAH,3
AYDA-ROSE,3
AYLA-JADE,3
AYLA-MAI,3
AYLINE,3
AYMEN,3
AYMIRA,3
AYNA,3
AYSEGUL,3
AZAELIA,3
AZALIA,3
AZALIAH,3
AZEEN,3
AZIMA,3
AZRAH,3
AZZURRA,3
BANEEN,3
BANEET,3
BAO,3
BATYA,3
BEJNA,3
BELLA-ANN,3
BELLA-MARIA,3
BENEDETTA,3
BERENIKA,3
BERRA,3
BERRIE,3
BERTHA,3
BETHANNIE,3
BETHIA,3
BETSY-BLU,3
BETTSY,3
BEVERLY,3
BEXLEY,3
BHADRA,3
BILLIE-JEAN,3
BILLIE-MAY,3
BILLY,3
BIRRAH,3
BLAISE,3
BLEN,3
BLOUSIE,3
BOBBI-LOU,3
BOGLARKA,3
BOLUWATIFE,3
BONNI,3
BOWE,3
BRAE,3
BREEZE,3
BRENNA,3
BRIANNA-LEIGH,3
BRIDEY,3
BRIEANNA,3
BRINLEY,3
BROOKE-ROSE,3
BROOKELYN,3
BROOKLYN-ROSE,3
BRUCHA,3
BRYNA,3
BRYONIE,3
CALIA,3
CALISE,3
CALLEIGH,3
CALLIE-MAI,3
CAMI-LEIGH,3
CAPRI,3
CARAH,3
CARIN,3
CARLEE,3
CAROLYN,3
CASEY-MAI,3
CASEY-MAY,3
CASIANA,3
CATHERINA,3
CATHLEEN,3
CATRINA,3
CAYSIE,3
CEANNA,3
CERYN,3
CHAISE,3
CHANAE,3
CHANAI,3
CHANDNI,3
CHARLEY-MAE,3
CHARLIE-ANNE,3
CHARLIE-MAI,3
CHARLIE-RAE,3
CHARLOTTE-ANN,3
CHARLOTTE-LOUISE,3
CHARLYN,3
CHARMI,3
CHE,3
CHENAI,3
CHER,3
CHERIE,3
CHERRIE,3
CHIZITERE,3
CHLOE-ANNE,3
CHLOE-LEE,3
CHLOE-RAE,3
CHLOE-ROSE,3
CHRISTAL,3
CHYNA-ROSE,3
CIARAH,3
CLANCY,3
CLARABELLE,3
CLARKE,3
COBIE,3
CONNIE-LOUISE,3
CONSUELA,3
CORA-RAE,3
CORINNA,3
COURTNEY-ROSE,3
CRINA,3
DAFNE,3
DAISY-ANNE,3
DAISY-BELLE,3
DAISY-LOU,3
DAISY-LOUISE,3
DAISY-MARIE,3
DAKSHA,3
DALLAS,3
DANNIELLA,3
DANNIELLE,3
DANNII,3
DARCEY-MAI,3
DARCI-MAI,3
DARCIE-BEAU,3
DARCY-ANN,3
DARCY-MAI,3
DARIJA,3
DARSHI,3
DAYTONA,3
DEEBA,3
DEEDEE,3
DEEKSHA,3
DEEMA,3
DELICIA,3
DELILAH-MAY,3
DELNA,3
DEMI-RAE,3
DEMIE,3
DEMILEIGH,3
DENISHA,3
DENNI,3
DENNIE,3
DESTINEE,3
DESTINEY,3
DESTINY-ROSE,3
DEVI,3
DHRUVIKA,3
DHWANI,3
DHYANA,3
DIAZ,3
DILAN,3
DILETA,3
DILLON,3
DINI,3
DISNEY,3
DIVINA,3
DIVISHA,3
DJUNA,3
DOLCEE,3
DOLCI,3
DOLCIE-MAY,3
DOLLIE-MAI,3
DOLLY-ANNA,3
DOLLYANNA,3
DONYA,3
DORINA,3
DOTTY-ROSE,3
DULCIMA,3
DURU,3
DVITI,3
EBANY,3
EBONEE,3
EBONI,3
EBONY-GRACE,3
EBUBECHUKWU,3
ECE,3
ECHO,3
EDEN-RAE,3
EDI,3
EDIE-BELLE,3
EDIE-MAE,3
EDIE-ROSE,3
EDLYN,3
EDYTH,3
EEMAAN,3
EFFIE-ROSE,3
EIDY,3
EIRENE,3
EIRIANWEN,3
EIRINI,3
ELAHA,3
ELAIN,3
ELAYAH,3
ELEINA,3
ELEIYAH,3
ELENA-MAE,3
ELENORE,3
ELEORA,3
ELEXA,3
ELEYANA,3
ELEYNA,3
ELIANE,3
ELIANNE,3
ELIE,3
ELIFNAZ,3
ELIZA-LOUISE,3
ELIZABELLA,3
ELIZABETH-MAY,3
ELKIE,3
ELLA-,3
ELLA-BROOKE,3
ELLA-JAI,3
ELLA-JAYNE,3
ELLA-JOY,3
ELLA-RAI,3
ELLARA,3
ELLARIA,3
ELLEANOR,3
ELLEN-ROSE,3
ELLENOR,3
ELLESE,3
ELLIE-ANNA,3
ELLIE-JAY,3
ELLIE-JO,3
ELLIOTTE,3
ELLISIA,3
ELLOUISA,3
ELLSIE,3
ELLYANA,3
ELLYS,3
ELLYSE,3
ELLYSIA,3
ELMAS,3
ELOAH,3
ELODIE-MAE,3
ELODY,3
ELORA-ROSE,3
ELSEA,3
ELSIE-ANNE,3
ELSIE-JANE,3
ELSIE-JEAN,3
ELSIEMAE,3
ELUNED,3
ELVI,3
ELVIN,3
ELVINA,3
EMALIE,3
EMANUELLA,3
EMELIA-MAE,3
EMELIAH,3
EMER,3
EMIKA,3
EMILIE-JANE,3
EMILIYA,3
EMILLIA,3
EMILY-ANN,3
EMILY-ANNE,3
EMILY-JO,3
EMILY-RAE,3
EMILYA,3
EMMA-LEIGH,3
ENAIYA,3
ENEIDA,3
ENISA,3
ENRIKA,3
ENZA,3
EPPIE,3
ERLISA,3
ERRIN,3
ERUM,3
ERYKA,3
ESAMAE,3
ESAMAI,3
ESHER,3
ESMAI-ROSE,3
ESMEA,3
ESMIA,3
ESPEN,3
ESPERANCE,3
ESSENCE,3
ESSI,3
ESSIA,3
ESTI,3
ESTRELA,3
ESTRELLA,3
ETERNITY,3
ETIENNE,3
ETTA-MAE,3
ETTIENNE,3
EUPHEMIA,3
EVA-JEAN,3
EVA-MARIA,3
EVALYNE,3
EVANGELIA,3
EVANTHIA,3
EVELYN-MAY,3
EVI,3
EVIE-,3
EVIE-BLOSSOM,3
EVIE-HOPE,3
EVIE-JADE,3
EVIE-JAE,3
EVIE-JAYNE,3
EVIE-LEE,3
EVIE-WILLOW,3
EVLYNN,3
EVNI,3
EVONY,3
EWELINA,3
EXAUCE,3
EYDIE,3
EZGI,3
EZRAE,3
EZZAH,3
FABEHA,3
FABIA,3
FABIOLA,3
FABLE,3
FADEELAH,3
FARA,3
FARIAH,3
FARISHA,3
FARWA,3
FATIM,3
FATIMAH-ZAHRAH,3
FATOUMATTA,3
FAUNA,3
FAUSTYNA,3
FAYROUZ,3
FAYTH,3
FELICJA,3
FELISHA,3
FEYZA,3
FIANNA,3
FIFI,3
FINLEY,3
FINN,3
FINTY,3
FLOREN,3
FLORENCIA,3
FLORENTINE,3
FLORES,3
FLORIANA,3
FLORYN,3
FLYNN,3
FOLASADE,3
FOX,3
FOZIA,3
FRANCESSCA,3
FRANCHESKA,3
FRANKIEE,3
FREIDY,3
FREYA-ANN,3
FREYA-LEIGH,3
FREYA-MAI,3
FREYJA-ROSE,3
FRUZSINA,3
FUCHSIA,3
GALA,3
GAMZE,3
GAURI,3
GEORGIA-LEIGH,3
GEORGIA-LOUISE,3
GEORGIE-RAE,3
GIANA,3
GLORIJA,3
GOLDIE,3
GOODNESS,3
GRACE-ELIZABETH,3
GRACE-KELLY,3
GRACIA,3
GRACIE-LOUISE,3
GRETTA,3
GUL,3
GULSEN,3
GUNES,3
GUNREET,3
GURPREET,3
GURREET,3
GURVEEN,3
GYPSY,3
GYPSY-ROSE,3
HAAJIRAH,3
HABEEBA,3
HADIQA,3
HALI,3
HALLIE-MAY,3
HALLY,3
HAMASA,3
HANFA,3
HANIEL,3
HANIFE,3
HANIYYA,3
HANIYYAH,3
HANNAH-MARIE,3
HANNAH-MAY,3
HANNAN,3
HANNI,3
HARKIRAN,3
HARLEY-QUINN,3
HARMANPREET,3
HARMONI,3
HARMONIE-ROSE,3
HARMONY-GRACE,3
HARPER-JO,3
HARPER-WILLOW,3
HARPREET,3
HARRI,3
HARRIETTA,3
HARSIMAR,3
HASEENA,3
HASINA,3
HAVA,3
HAVANNAH,3
HAYFA,3
HAYLEE,3
HAYLIE,3
HEBAH,3
HELA,3
HELEENA,3
HENNAH,3
HENRIETTE,3
HESSA,3
HETI,3
HIMANI,3
HINDA,3
HIVDA,3
HIYAB,3
HIYAM,3
HODA,3
HOLLY-GRACE,3
HONEY-LEIGH,3
HOSANA,3
HOUDA,3
HRISHA,3
HUMERA,3
HUNNI,3
HUNNIE,3
HURAIN,3
IARA,3
IBBIE,3
IDIL,3
IFEOMA,3
IIYLA,3
IKRANUR,3
ILAH,3
ILIYANA,3
ILIZA,3
ILMA,3
ILWAD,3
IMANY,3
IMARAH,3
IMELIA,3
IMEN,3
IMMY,3
IMOGEN-HOPE,3
IMOGEN-MAE,3
INIKA,3
INTISAR,3
IRAH,3
IREMIDE,3
IRIS-ROSE,3
IRISA,3
IRMAK,3
IRYS,3
ISATU,3
ISHANVI,3
ISHBEL,3
ISHER,3
ISHMEET,3
ISIOMA,3
ISLA-BELLE,3
ISLA-LILY,3
ISLA-RAI,3
ISRAEL,3
ISRAH,3
IVANAH,3
IVETA,3
IVORY-ROSE,3
IVY-MARIE,3
IYANNA,3
IYLAH-ROSE,3
IYOBOSA,3
IYRA,3
IZARRA,3
IZEL,3
JA'NAE,3
JADZIA,3
JAHAN,3
JAHNVI,3
JAIPREET,3
JAIYANA,3
JALIYAH,3
JAMIA,3
JAMILAH,3
JANELL,3
JANESSA,3
JANEY,3
JANIYAH,3
JAPNEET,3
JARA,3
JASEMIN,3
JASIA,3
JASKIRAN,3
JASMINE-JADE,3
JASMINKA,3
JASMYNE,3
JAYLAH,3
JAYMIE,3
JAZLEEN,3
JEANNE,3
JEEVAN,3
JENESSA,3
JENEVIEVE,3
JESICA,3
JESSICA-LEA,3
JESSY,3
JETT,3
JIANA,3
JIHAN,3
JIYANA,3
JOANN,3
JODI,3
JOEY,3
JOHANA,3
JOHANNAH,3
JOLANTA,3
JOOD,3
JORDANA,3
JORDANNA,3
JORGI,3
JORJA-ROSE,3
JOSEFINA,3
JOSEPHINA,3
JOSIE-LEA,3
JOSIE-LEIGH,3
JOSLYN,3
JOURI,3
JOYA,3
JULIENNE,3
JUMAN,3
JUNA,3
JUNAINA,3
JUSTINE,3
JUWAIRIYA,3
JUWARIAH,3
JUWAYRIAH,3
JUWAYRIYYA,3
JUWERIYA,3
JWANA,3
KACI-MAE,3
KACIA,3
KACIE-ROSE,3
KACY-LEIGH,3
KADEY,3
KADI,3
KADIE-MAE,3
KADIJA,3
KADIJATU,3
KAESHA,3
KAILEIGH,3
KAILEY,3
KALILA,3
KALISHA,3
KALLIOPI,3
KALSOOM,3
KAMAYA,3
KAMIAH,3
KANA,3
KANDI,3
KANEEZ,3
KANIKA,3
KANYA,3
KARAH,3
KARDELEN,3
KARENZA,3
KARTHIKA,3
KASANDRA,3
KATALEA,3
KATEY,3
KATIE-ANN,3
KATIE-LOUISE,3
KATIE-MAE,3
KATRIEL,3
KAUSAR,3
KAVLEEN,3
KAYAN,3
KAYCI,3
KAYCIE-MARIE,3
KAYDI,3
KAYDIE,3
KAYLLA,3
KAYLYN,3
KAYTLIN,3
KAZIA,3
KEANNA,3
KEEVAH,3
KEHARA,3
KEIRA-MAE,3
KEIRA-ROSE,3
KELECHI,3
KELLIE,3
KELSEY-MAE,3
KELSEY-MAI,3
KELSIE-MAY,3
KENDA,3
KENNEDIE,3
KERENSA,3
KERRY-ANN,3
KERYS,3
KESAR,3
KESHIKA,3
KHADIDJA,3
KHADRA,3
KHALI,3
KHALIA,3
KHALIYAH,3
KHARIS,3
KHATIJAH,3
KHAWLA,3
KHEIRA,3
KHIANA,3
KHIZRA,3
KHOLA,3
KHRISHA,3
KIARNA,3
KIARRA,3
KIERA-LEIGH,3
KIMANI,3
KINCSO,3
KINJAL,3
KIRANA,3
KIRANDEEP,3
KIRPA,3
KISWA,3
KISWAH,3
KIT,3
KITTI,3
KITTY-ROSE,3
KIYLA,3
KIYOMI,3
KODI,3
KORRA,3
KRISHTI,3
KRISIYA,3
KRISTAL,3
KRITI,3
KSENIYA,3
KULSUM,3
KYOMI,3
KYRA-MAY,3
KYRA-ROSE,3
L'WREN,3
LA'RAE,3
LABEEBAH,3
LACEE,3
LACEY-JAY,3
LACEY-JAYNE,3
LACEY-LEE,3
LACIE-LEIGH,3
LACIE-MARIE,3
LACIE-ROSE,3
LAELA,3
LAHNA,3
LAIHA,3
LAIKEN,3
LAILA-GRACE,3
LAILA-RAE,3
LAINE,3
LAINEE,3
LAIYA,3
LAKSHANA,3
LALITA,3
LAMA,3
LAMIS,3
LAMIYA,3
LAMYA,3
LANA-ROSE,3
LANY,3
LARA-JADE,3
LARA-MAE,3
LARANYA,3
LAREEN,3
LARNIE,3
LAROSA,3
LATIN,3
LAVEAH,3
LAVENDER,3
LAYANAH,3
LAYLA-BELLE,3
LAYLA-JAY,3
LAYLA-JEAN,3
LEEA,3
LEELA-ROSE,3
LEENAH,3
LEEYA,3
LEIGH,3
LEIGHANNA,3
LEILA-GRACE,3
LEILA-MAI,3
LEILA-MARIE,3
LEILIA,3
LEIRE,3
LEMAR,3
LENIA,3
LENNA,3
LENNY,3
LENOX,3
LEONORE,3
LESLEY,3
LETISHA,3
LETISIA,3
LEWA,3
LEXI-ANNE,3
LEXIE-GRACE,3
LEXII,3
LEXIS,3
LEYAN,3
LIARNA,3
LIBBI,3
LIDYA,3
LILA-MAE,3
LILAH-MAI,3
LILI-MAE,3
LILI-MAI,3
LILIA-ROSE,3
LILIANNE,3
LILIBETH,3
LILIJA,3
LILJA,3
LILLEE,3
LILLEY-MAE,3
LILLI-ANN,3
LILLI-ANNE,3
LILLIA-ROSE,3
LILLIAH,3
LILLIARNA,3
LILLIBETH,3
LILLIE-ANNA,3
LILLIE-ELLA,3
LILLY-JAYNE,3
LILLY-JO,3
LILY-EVE,3
LILY-FAITH,3
LILY-HOPE,3
LILY-JEAN,3
LILY-SUE,3
LILYANNE,3
LINH,3
LISSI,3
LISSIE,3
LIYAANAH,3
LIZ,3
LLINOS,3
LOJAIN,3
LOLA-JADE,3
LOLA-JANE,3
LOLAH,3
LOLLY,3
LOREDANA,3
LORELLA,3
LORESA,3
LOTTIE-LEIGH,3
LOTUS,3
LOU,3
LOUISIANA,3
LOULA,3
LOVE,3
LOVELLE,3
LOWENA,3
LUBABAH,3
LUCCA,3
LUCEA,3
LUCIE-MAI,3
LUCY-ANNE,3
LUCY-RAE,3
LUKRECJA,3
LULLAH,3
LULUA,3
LUNA-BELLE,3
LUNA-MAE,3
LUNA-MAY,3
LURA,3
LUUL,3
LYA,3
LYARA,3
LYLA-BELLE,3
LYRA-MAY,3
LYRAH,3
LYRIC,3
MAAHNOOR,3
MAAYAN,3
MACEY-MAY,3
MACI-LEA,3
MACI-RAE,3
MACIE-LEA,3
MACIE-LOU,3
MACY-ROSE,3
MADALINE,3
MADDI,3
MADDIE-LEIGH,3
MADDISON-GRACE,3
MADDISON-LEIGH,3
MADDISON-MAE,3
MADDISON-MAY,3
MADELYNE,3
MADISON-MAE,3
MAEESHA,3
MAELYS,3
MAEVA,3
MAEYA,3
MAGGIE-ANN,3
MAHATHI,3
MAHDIA,3
MAHEE,3
MAHIKA,3
MAHISHA,3
MAHJABIN,3
MAHLA,3
MAIAH,3
MAILA,3
MAIRI,3
MAISIE-,3
MAISIE-ANNE,3
MAISIE-JANE,3
MAISIE-JEAN,3
MAISIE-LEA,3
MAIYAH,3
MAJIDA,3
MAKANAKA,3
MAKEDA,3
MAKENNA,3
MALALA,3
MALAYSIA,3
MALEKA,3
MALLY,3
MALVIKA,3
MAMIE,3
MANAHEL,3
MANASA,3
MANAT,3
MANDY,3
MANEL,3
MANKIRAT,3
MANVI,3
MARAYA,3
MARCIE-MAE,3
MARDIYA,3
MAREEN,3
MARELLA,3
MARIA-LILY,3
MARIEL,3
MARIELLE,3
MARIEM,3
MARITA,3
MARIUM,3
MARIYYAH,3
MARKETA,3
MARLEA,3
MARLEE-MAE,3
MARLEY-MAE,3
MARLIE-MAE,3
MARNEY,3
MARNIE-MAI,3
MARTHA-ROSE,3
MARVELLOUS,3
MARVELOUS,3
MARWO,3
MARYROSE,3
MARYSIA,3
MAUREEN,3
MAWA,3
MAWADDA,3
MAXIE,3
MAYCI,3
MAYCIE,3
MAYLA,3
MAYLE,3
MAYSIE,3
MAYSSA,3
MAYZEE,3
MEENAKSHI,3
MEESHA,3
MEGHA,3
MEGIJA,3
MEHNOOR,3
MELANI,3
MELANIJA,3
MERILIN,3
MERILYN,3
MERRIN,3
MERRY,3
MIA-ANNE,3
MIA-JANE,3
MIA-LILY,3
MIA-MAY,3
MIAROSE,3
MICAH,3
MICAYLA,3
MICHELA,3
MICHELLA,3
MICHLE,3
MIDORI,3
MIEKE,3
MIHIKA,3
MILA-GRACE,3
MILANNA,3
MILIANA,3
MILLEE,3
MILLIE-LEIGH,3
MILLIE-MARIE,3
MILLY-MAE,3
MINAL,3
MINKA,3
MINNIE-RAE,3
MINNY,3
MIO,3
MIRAB,3
MISA,3
MODESIREOLUWA,3
MOJOLAOLUWA,3
MOLLY-JANE,3
MOMOKO,3
MONALISA,3
MONIRA,3
MORGANA,3
MORRIGAN,3
MOYA,3
MOYINOLUWA,3
MOZAN,3
MUIREANN,3
MUMINA,3
MUMINAH,3
MUNACHIMSO,3
MUNEEFA,3
MUNEERAH,3
MUNIBA,3
MUNIRAT,3
MUNTAZ,3
MUTSA,3
MYA-GRACE,3
MYA-LOUISE,3
MYA-RAE,3
MYER,3
MYIESHA,3
MYLAH-ROSE,3
MYLEENE,3
NAAVYA,3
NABIA,3
NACERA,3
NADEJDA,3
NADEZHDA,3
NADIYA,3
NADYA,3
NAEEMA,3
NAHIA,3
NAIARA,3
NAIDA,3
NAIRAH,3
NAJIA,3
NAJWA,3
NALAH,3
NALANI,3
NANCI,3
NANCY-JANE,3
NANCY-MAE,3
NANDIN,3
NAOISE,3
NAOMI-ROSE,3
NARDOS,3
NARMIN,3
NASEEHA,3
NASTEHA,3
NATALINA,3
NATASA,3
NAUREEN,3
NAVAYAH,3
NAVEAH,3
NAVEENA,3
NAVKIRAT,3
NAVLEEN,3
NAVPREET,3
NAYAB,3
NAYSA,3
NAYSHA,3
NAZIFA,3
NAZIHA,3
NAZIRA,3
NAZLI,3
NAZMIN,3
NEEVAH,3
NEHAL,3
NELLY-RAE,3
NELLY-ROSE,3
NENE,3
NERAYA,3
NEREA,3
NERIYAH,3
NESE,3
NESTA,3
NETHRA,3
NETTIE,3
NEVAEH-MAI,3
NEVAEH-RAE,3
NIALAH,3
NICKI,3
NICOLL,3
NIGELLA,3
NIHAL,3
NIHARIKA,3
NIKO,3
NIKOLETT,3
NIMCO,3
NINIOLA,3
NISREEN,3
NITASHA,3
NIYAT,3
NIYATI,3
NKECHI,3
NOAMI,3
NOOMI,3
NOORJAHAN,3
NORINA,3
NOUF,3
NOUREEN,3
NOVELLA,3
NUHAA,3
NULA,3
NUO,3
NURAH,3
NURAY,3
NYLA-RAE,3
NYSA,3
NYX,3
OAKLEA,3
OCEANIA,3
OCEANNA,3
ODELIA,3
ODRIJA,3
OGHENETEGA,3
OHANA,3
OLAYEMI,3
OLENKA,3
OLIVE-ROSE,3
OLIVIA-FAITH,3
OLIVIA-JADE,3
OLIVIA-LEIGH,3
OLIVIA-LOUISE,3
OLUWABUKOLA,3
OLUWAKEMI,3
OLUWATIMILEYIN,3
OLUWATOBILOBA,3
OLUWATOMI,3
OLUWATOMIWA,3
OLUWATONI,3
OMAIMA,3
OMISHA,3
OMOTOLA,3
ONORA,3
ONYINYECHI,3
OREOFEOLUWA,3
OSARUGUE,3
OSHUN,3
OYKU,3
PAISLEY-MAI,3
PAISLEY-RAE,3
PAREESA,3
PARIDHI,3
PARISHI,3
PARKER-ROSE,3
PARVEEN,3
PATTI,3
PAVITHRA,3
PAVNEET,3
PAYTON-GRACE,3
PEGGY-MAE,3
PEREZ,3
PERRY,3
PETA,3
PEYTON-LEIGH,3
PHILLIPPA,3
PHOEBE-JO,3
PHOENYX,3
PIP,3
PIPPI,3
PIXIE-LOU,3
POLLY-ANNA,3
POPPIE-MAE,3
POPPY-BELLE,3
PORSCHE-LEIGH,3
PORSHA-LEIGH,3
PRABH,3
PRABHJOT,3
PRABHKIRAT,3
PRANATI,3
PRANAVI,3
PRANAYA,3
PREESHA,3
PRESHA,3
PRITIKA,3
PRIYANA,3
PROMISE,3
PURITY,3
QUDSIA,3
RAAHIMA,3
RAAYA,3
RABIYA,3
RADEYAH,3
RADOSLAVA,3
RAENA,3
RAEVEN,3
RAFEEF,3
RAHEL,3
RAHIL,3
RAHMEEN,3
RAIAH,3
RAIYAH,3
RAJVI,3
RAKEB,3
RAWDAH,3
RAYANA,3
RAYANNA,3
RAYSA,3
RAYSSA,3
REBA,3
REBEKKAH,3
REE,3
REEGAN,3
REEHA,3
REHANA,3
REHMAT,3
REI,3
REILLY,3
REISEL,3
REKA,3
REMAE,3
REMIAH,3
REMINGTON,3
RENAY,3
RENAYE,3
RENESME,3
RENEZMAE,3
RENNA,3
RETAL,3
REVAH,3
RHEMA,3
RHOSWEN,3
RIAN,3
RICHELLE,3
RIDHA,3
RIDHIMA,3
RIFKY,3
RIHAN,3
RIHANAH,3
RIJJA,3
RILEY-MAE,3
RIMAS,3
RIMSHA,3
RINI,3
RINNAH,3
RITVI,3
RIZWANA,3
ROBYN-RAE,3
ROCHEL,3
ROHEY,3
ROMESSA,3
RONJA,3
ROOHI,3
RORY,3
ROSA-BELLA,3
ROSA-LEA,3
ROSELEEN,3
ROSIE-LOU,3
ROSIE-LOUISE,3
ROSIE-MARIE,3
ROWANNE,3
ROWENNA,3
RUA,3
RUBA,3
RUBAB,3
RUBANI,3
RUBIE-LEIGH,3
RUBIE-LOUISE,3
RUBY-JAYNE,3
RUBY-JO,3
RUBY-MARIE,3
RUDIE,3
RUDO,3
RUFAIDA,3
RUHANI,3
RUHINA,3
RUKAYA,3
RUKAYAH,3
RUKIYA,3
RUMEYSA,3
RUMI,3
RUNA,3
RUQAIYYA,3
RUQQAYAH,3
RUWAIDA,3
RYAH,3
RYAN,3
RYLA,3
RYM,3
SAAIRAH,3
SAALIHAH,3
SAAVI,3
SABAA,3
SABELLA,3
SABIRIN,3
SABRIYAH,3
SADAN,3
SADIYAH,3
SAEEDA,3
SAFEERAH,3
SAFFIA,3
SAFFIE,3
SAFFIRE,3
SAFIRE,3
SAFIYE,3
SAGAL,3
SAHARAH,3
SAHIBA,3
SAHIRA,3
SAIBA,3
SAIFA,3
SAIGE,3
SAINABOU,3
SAISHA,3
SALIMA,3
SALINA,3
SALMAH,3
SAMAIYA,3
SAMAN,3
SAMANVI,3
SAMEERAH,3
SAMMIE,3
SAMRA,3
SAMRAWIT,3
SAMUELA,3
SANCIA,3
SANUTHI,3
SAPHINA,3
SARAA,3
SARAIYA,3
SARANG,3
SARE,3
SATYA,3
SAUMYA,3
SAVANNAH-RAE,3
SCARLETT-OLIVIA,3
SEDEF,3
SEHAJPREET,3
SELIHOM,3
SEREN-RAE,3
SEREN-ROSE,3
SERENAH,3
SERIN,3
SETAREH,3
SEVEN,3
SHAFA,3
SHAHANA,3
SHAILENE,3
SHAISTA,3
SHAKTI,3
SHALEN,3
SHALINI,3
SHAMA,3
SHAMIM,3
SHAMIYA,3
SHAMMAH,3
SHANAAYA,3
SHANADE,3
SHANELA,3
SHANELL,3
SHANIKA,3
SHANVI,3
SHANZA,3
SHARANYA,3
SHAREEN,3
SHARI,3
SHARLENE,3
SHAWNA,3
SHAYANA,3
SHAZA,3
SHEEMA,3
SHEILA,3
SHELLEY,3
SHELLY,3
SHEREEN,3
SHIYING,3
SHRAVYA,3
SHREENA,3
SHRISHTI,3
SHUKRI,3
SIAANA,3
SIANNE,3
SIBEAL,3
SIBELLA,3
SICILY,3
SIDONIE,3
SIERA,3
SIERRA-MAE,3
SILVANA,3
SIMAY,3
SIMRANPREET,3
SIMREET,3
SIRA,3
SIREEN,3
SIRI,3
SIRINE,3
SKARLET,3
SKYE-MARIE,3
SKYLA-GRACE,3
SKYLA-MAY,3
SKYLAH-MAE,3
SKYLAR-LEIGH,3
SKYLAR-LOUISE,3
SKYLER-ANN,3
SKYLYN,3
SLOKA,3
SOFIA-MARIE,3
SOFIAT,3
SOFIYYA,3
SOFYA,3
SOLANGE,3
SONAM,3
SOOKIE,3
SOPHEA,3
SOPHIA-JADE,3
SOPHIA-MAY,3
SOPHIE-ANN,3
SOPHIE-MARIE,3
SORAYAH,3
SORIAH,3
SOTIRIA,3
SREEYA,3
SRI,3
SRISHTI,3
STARLET,3
STELA,3
STEVIE-MAY,3
STINA,3
SUAAD,3
SUBHANA,3
SUDE,3
SUE,3
SUHAVI,3
SUKHPREET,3
SUMMAYYAH,3
SUMMER-LEA,3
SUMMER-LILLY,3
SUMMER-WILLOW,3
SUPRIYA,3
SURA,3
SURAYYA,3
SURIA,3
SURYA,3
SUZANA,3
SUZI,3
SVANA,3
SVEA,3
SYNA,3
TAHIBA,3
TAHREEM,3
TAIJAH,3
TALIAH-ROSE,3
TALLULAH-RAE,3
TALLULAH-ROSE,3
TALULLAH,3
TAMANA,3
TAMANNA,3
TANATSWA,3
TANAYA,3
TANAYAH,3
TANISHKA,3
TANITH,3
TANITOLUWA,3
TANIYA,3
TANSI,3
TANVEE,3
TANWEN,3
TARAJI,3
TARAN,3
TARANPREET,3
TASFIYAH,3
TASNIMAH,3
TATIANNA,3
TATYANA,3
TAVNEET,3
TAYIBAH,3
TAYLA-ROSE,3
TAYLOR-GRACE,3
TAYLOR-LOUISE,3
TAYLOR-MAI,3
TAYLOR-RAE,3
TAYMIYYAH,3
TAZMEEN,3
TAZMIN,3
TEAH,3
TEALA,3
TEELA,3
TEHILLA,3
TEHZEEB,3
TEIFI,3
TEMILOLA,3
TEMITOPE,3
TERI,3
TESNI,3
THANDEKA,3
THEYA,3
TIA-LEIGH,3
TIA-MAE,3
TIA-MAY,3
TIA-RAE,3
TIANA-ROSE,3
TIANAH,3
TIANNA-ROSE,3
TIANNAH,3
TIANNE,3
TIARNI,3
TIBYAN,3
TIFFANY-ROSE,3
TIGER-ROSE,3
TILLY-LOU,3
TILLY-LOUISE,3
TINAYE,3
TIRZAH,3
TOBA,3
TOLANI,3
TOLEEN,3
TOLUWALASE,3
TOLUWALOPE,3
TONI-LEIGH,3
TORA,3
TOYAH,3
TRICIA,3
TRINITY-ROSE,3
TRUDI,3
TRUDIE,3
TSERING,3
TUGBA,3
TULIN,3
TULIP,3
TULLULAH,3
TULULAH,3
TYLER,3
TZIPORAH,3
TZIVIA,3
UGOCHI,3
UMAMA,3
UMAYA,3
UMM-E-HANI,3
UMRAH,3
VAINAVI,3
VANI,3
VANISHA,3
VANSHI,3
VARNIKA,3
VASILIKI,3
VENISHA,3
VIKASNI,3
VINISHA,3
VIOLET-MAE,3
VIOLETT,3
VITORIA,3
VIYAN,3
VLERA,3
WAFAA,3
WAN,3
WARISHA,3
WEAAM,3
WEN,3
WIAM,3
WILMA,3
WYNTER-ROSE,3
YAKIRA,3
YAMINAH,3
YAREN,3
YASHIKA,3
YASHNA,3
YASRA,3
YAZ,3
YELENA,3
YIXIN,3
YOSAN,3
YSABELLE,3
YSELLA,3
YUI,3
YUSRAA,3
YUSSRA,3
YUXI,3
YVAINE,3
ZAARAH,3
ZAFIAH,3
ZAHEEN,3
ZAHIRAH,3
ZAIMA,3
ZAIN,3
ZAKIYAH,3
ZANIAH,3
ZANNA,3
ZARA-MARIA,3
ZAREENA,3
ZAYBA,3
ZEENIA,3
ZEHNA,3
ZENAB,3
ZENOBIA,3
ZHARA,3
ZIANNE,3
ZIENNA,3
ZIKORA,3
ZISSY,3
ZITA,3
ZIXIN,3
ZOHAL,3
ZULAYKHA,3
ZUMRA,3
ZUZIA,3
ZYLA,3
ZYVA,3